Handle,Title,Body (HTML),Vendor,Type,Tags,Published,Option1 Name,Option1 Value,Option2 Name,Option2 Value,Option3 Name,Option3 Value,Variant SKU,Variant Grams,Variant Inventory Tracker,Variant Inventory Qty,Variant Inventory Policy,Variant Fulfillment Service,Variant Price,Variant Compare At Price,Variant Requires Shipping,Variant Taxable,Variant Barcode,Image Src,Image Position,Image Alt Text,Gift Card,SEO Title,SEO Description,Variant Image,Variant Weight Unit,Cost per item,Status
lab-grown-diamond-ring-lr-0051,Lab-Grown Diamond Ring LR-0051,"<p>A lab-grown diamond ring by Velonna Jewels, reference LR-0051. Total diamond weight is approximately 3.894 ct across 19 stones. Available in 925 silver, 9K, 14K, or 18K gold with rose, white, or yellow metal colour.</p><p>Made to order. Final specifications and lead time are confirmed by our team.</p>",Velonna Jewels,Lab Grown Diamond Ring,"Lab Grown Diamonds, Unisex, Ring",TRUE,Metal,925 Silver,Colour,Rose,,,LR-0051-925-R,2.244,,,deny,manual,173308,,TRUE,TRUE,,https://raw.githubusercontent.com/reshabhdatta/Velonna/main/products/ladies-rings/LR-0051/LR-0051-R-view1.jpg,1,Lab-Grown Diamond Ring LR-0051 in rose metal,FALSE,Lab-Grown Diamond Ring LR-0051,Lab-Grown Diamond Ring LR-0051 with 3.894 ct lab-grown diamonds. Made to order by Velonna Jewels.,https://raw.githubusercontent.com/reshabhdatta/Velonna/main/products/ladies-rings/LR-0051/LR-0051-R-view1.jpg,g,168260,active
lab-grown-diamond-ring-lr-0051,,,,,,,Metal,925 Silver,Colour,White,,,LR-0051-925-W,2.244,,,deny,manual,173308,,TRUE,TRUE,,https://raw.githubusercontent.com/reshabhdatta/Velonna/main/products/ladies-rings/LR-0051/LR-0051-R-view2.jpg,2,Lab-Grown Diamond Ring LR-0051 in white metal,,,,https://raw.githubusercontent.com/reshabhdatta/Velonna/main/products/ladies-rings/LR-0051/LR-0051-W-view1.jpg,g,168260,
lab-grown-diamond-ring-lr-0051,,,,,,,Metal,925 Silver,Colour,Yellow,,,LR-0051-925-Y,2.244,,,deny,manual,173308,,TRUE,TRUE,,https://raw.githubusercontent.com/reshabhdatta/Velonna/main/products/ladies-rings/LR-0051/LR-0051-R-view3.jpg,3,Lab-Grown Diamond Ring LR-0051 in yellow metal,,,,https://raw.githubusercontent.com/reshabhdatta/Velonna/main/products/ladies-rings/LR-0051/LR-0051-Y-view1.jpg,g,168260,
lab-grown-diamond-ring-lr-0051,,,,,,,Metal,9K Gold,Colour,Rose,,,LR-0051-9K-R,2.508,,,deny,manual,188190,,TRUE,TRUE,,https://raw.githubusercontent.com/reshabhdatta/Velonna/main/products/ladies-rings/LR-0051/LR-0051-R-view4.jpg,4,Lab-Grown Diamond Ring LR-0051 in rose metal,,,,https://raw.githubusercontent.com/reshabhdatta/Velonna/main/products/ladies-rings/LR-0051/LR-0051-R-view1.jpg,g,182709,
lab-grown-diamond-ring-lr-0051,,,,,,,Metal,9K Gold,Colour,White,,,LR-0051-9K-W,2.508,,,deny,manual,188190,,TRUE,TRUE,,https://raw.githubusercontent.com/reshabhdatta/Velonna/main/products/ladies-rings/LR-0051/LR-0051-W-view1.jpg,5,Lab-Grown Diamond Ring LR-0051 in white metal,,,,https://raw.githubusercontent.com/reshabhdatta/Velonna/main/products/ladies-rings/LR-0051/LR-0051-W-view1.jpg,g,182709,
lab-grown-diamond-ring-lr-0051,,,,,,,Metal,9K Gold,Colour,Yellow,,,LR-0051-9K-Y,2.508,,,deny,manual,188190,,TRUE,TRUE,,https://raw.githubusercontent.com/reshabhdatta/Velonna/main/products/ladies-rings/LR-0051/LR-0051-W-view2.jpg,6,Lab-Grown Diamond Ring LR-0051 in yellow metal,,,,https://raw.githubusercontent.com/reshabhdatta/Velonna/main/products/ladies-rings/LR-0051/LR-0051-Y-view1.jpg,g,182709,
lab-grown-diamond-ring-lr-0051,,,,,,,Metal,14K Gold,Colour,Rose,,,LR-0051-14K-R,2.805,,,deny,manual,199810,,TRUE,TRUE,,https://raw.githubusercontent.com/reshabhdatta/Velonna/main/products/ladies-rings/LR-0051/LR-0051-W-view3.jpg,7,Lab-Grown Diamond Ring LR-0051 in rose metal,,,,https://raw.githubusercontent.com/reshabhdatta/Velonna/main/products/ladies-rings/LR-0051/LR-0051-R-view1.jpg,g,193990,
lab-grown-diamond-ring-lr-0051,,,,,,,Metal,14K Gold,Colour,White,,,LR-0051-14K-W,2.805,,,deny,manual,199810,,TRUE,TRUE,,https://raw.githubusercontent.com/reshabhdatta/Velonna/main/products/ladies-rings/LR-0051/LR-0051-W-view4.jpg,8,Lab-Grown Diamond Ring LR-0051 in white metal,,,,https://raw.githubusercontent.com/reshabhdatta/Velonna/main/products/ladies-rings/LR-0051/LR-0051-W-view1.jpg,g,193990,
lab-grown-diamond-ring-lr-0051,,,,,,,Metal,14K Gold,Colour,Yellow,,,LR-0051-14K-Y,2.805,,,deny,manual,199810,,TRUE,TRUE,,https://raw.githubusercontent.com/reshabhdatta/Velonna/main/products/ladies-rings/LR-0051/LR-0051-Y-view1.jpg,9,Lab-Grown Diamond Ring LR-0051 in yellow metal,,,,https://raw.githubusercontent.com/reshabhdatta/Velonna/main/products/ladies-rings/LR-0051/LR-0051-Y-view1.jpg,g,193990,
lab-grown-diamond-ring-lr-0051,,,,,,,Metal,18K Gold,Colour,Rose,,,LR-0051-18K-R,3.3,,,deny,manual,214090,,TRUE,TRUE,,https://raw.githubusercontent.com/reshabhdatta/Velonna/main/products/ladies-rings/LR-0051/LR-0051-Y-view2.jpg,10,Lab-Grown Diamond Ring LR-0051 in rose metal,,,,https://raw.githubusercontent.com/reshabhdatta/Velonna/main/products/ladies-rings/LR-0051/LR-0051-R-view1.jpg,g,207854,
lab-grown-diamond-ring-lr-0051,,,,,,,Metal,18K Gold,Colour,White,,,LR-0051-18K-W,3.3,,,deny,manual,214090,,TRUE,TRUE,,https://raw.githubusercontent.com/reshabhdatta/Velonna/main/products/ladies-rings/LR-0051/LR-0051-Y-view3.jpg,11,Lab-Grown Diamond Ring LR-0051 in white metal,,,,https://raw.githubusercontent.com/reshabhdatta/Velonna/main/products/ladies-rings/LR-0051/LR-0051-W-view1.jpg,g,207854,
lab-grown-diamond-ring-lr-0051,,,,,,,Metal,18K Gold,Colour,Yellow,,,LR-0051-18K-Y,3.3,,,deny,manual,214090,,TRUE,TRUE,,https://raw.githubusercontent.com/reshabhdatta/Velonna/main/products/ladies-rings/LR-0051/LR-0051-Y-view4.jpg,12,Lab-Grown Diamond Ring LR-0051 in yellow metal,,,,https://raw.githubusercontent.com/reshabhdatta/Velonna/main/products/ladies-rings/LR-0051/LR-0051-Y-view1.jpg,g,207854,
lab-grown-diamond-ring-lr-0052,Lab-Grown Diamond Ring LR-0052,"<p>A lab-grown diamond ring by Velonna Jewels, reference LR-0052. Total diamond weight is approximately 1.97 ct across 5 stones. Available in 925 silver, 9K, 14K, or 18K gold with rose, white, or yellow metal colour.</p><p>Made to order. Final specifications and lead time are confirmed by our team.</p>",Velonna Jewels,Lab Grown Diamond Ring,"Lab Grown Diamonds, Unisex, Ring",TRUE,Metal,925 Silver,Colour,Rose,,,LR-0052-925-R,2.108,,,deny,manual,89782,,TRUE,TRUE,,https://raw.githubusercontent.com/reshabhdatta/Velonna/main/products/ladies-rings/LR-0052/LR-0052-R-view1.jpg,1,Lab-Grown Diamond Ring LR-0052 in rose metal,FALSE,Lab-Grown Diamond Ring LR-0052,Lab-Grown Diamond Ring LR-0052 with 1.97 ct lab-grown diamonds. Made to order by Velonna Jewels.,https://raw.githubusercontent.com/reshabhdatta/Velonna/main/products/ladies-rings/LR-0052/LR-0052-R-view1.jpg,g,87167,active
lab-grown-diamond-ring-lr-0052,,,,,,,Metal,925 Silver,Colour,White,,,LR-0052-925-W,2.108,,,deny,manual,89782,,TRUE,TRUE,,https://raw.githubusercontent.com/reshabhdatta/Velonna/main/products/ladies-rings/LR-0052/LR-0052-R-view2.jpg,2,Lab-Grown Diamond Ring LR-0052 in white metal,,,,https://raw.githubusercontent.com/reshabhdatta/Velonna/main/products/ladies-rings/LR-0052/LR-0052-W-view1.jpg,g,87167,
lab-grown-diamond-ring-lr-0052,,,,,,,Metal,925 Silver,Colour,Yellow,,,LR-0052-925-Y,2.108,,,deny,manual,89782,,TRUE,TRUE,,https://raw.githubusercontent.com/reshabhdatta/Velonna/main/products/ladies-rings/LR-0052/LR-0052-R-view3.jpg,3,Lab-Grown Diamond Ring LR-0052 in yellow metal,,,,https://raw.githubusercontent.com/reshabhdatta/Velonna/main/products/ladies-rings/LR-0052/LR-0052-Y-view1.jpg,g,87167,
lab-grown-diamond-ring-lr-0052,,,,,,,Metal,9K Gold,Colour,Rose,,,LR-0052-9K-R,2.356,,,deny,manual,103762,,TRUE,TRUE,,https://raw.githubusercontent.com/reshabhdatta/Velonna/main/products/ladies-rings/LR-0052/LR-0052-R-view4.jpg,4,Lab-Grown Diamond Ring LR-0052 in rose metal,,,,https://raw.githubusercontent.com/reshabhdatta/Velonna/main/products/ladies-rings/LR-0052/LR-0052-R-view1.jpg,g,100740,
lab-grown-diamond-ring-lr-0052,,,,,,,Metal,9K Gold,Colour,White,,,LR-0052-9K-W,2.356,,,deny,manual,103762,,TRUE,TRUE,,https://raw.githubusercontent.com/reshabhdatta/Velonna/main/products/ladies-rings/LR-0052/LR-0052-W-view1.jpg,5,Lab-Grown Diamond Ring LR-0052 in white metal,,,,https://raw.githubusercontent.com/reshabhdatta/Velonna/main/products/ladies-rings/LR-0052/LR-0052-W-view1.jpg,g,100740,
lab-grown-diamond-ring-lr-0052,,,,,,,Metal,9K Gold,Colour,Yellow,,,LR-0052-9K-Y,2.356,,,deny,manual,103762,,TRUE,TRUE,,https://raw.githubusercontent.com/reshabhdatta/Velonna/main/products/ladies-rings/LR-0052/LR-0052-W-view2.jpg,6,Lab-Grown Diamond Ring LR-0052 in yellow metal,,,,https://raw.githubusercontent.com/reshabhdatta/Velonna/main/products/ladies-rings/LR-0052/LR-0052-Y-view1.jpg,g,100740,
lab-grown-diamond-ring-lr-0052,,,,,,,Metal,14K Gold,Colour,Rose,,,LR-0052-14K-R,2.635,,,deny,manual,114678,,TRUE,TRUE,,https://raw.githubusercontent.com/reshabhdatta/Velonna/main/products/ladies-rings/LR-0052/LR-0052-W-view3.jpg,7,Lab-Grown Diamond Ring LR-0052 in rose metal,,,,https://raw.githubusercontent.com/reshabhdatta/Velonna/main/products/ladies-rings/LR-0052/LR-0052-R-view1.jpg,g,111338,
lab-grown-diamond-ring-lr-0052,,,,,,,Metal,14K Gold,Colour,White,,,LR-0052-14K-W,2.635,,,deny,manual,114678,,TRUE,TRUE,,https://raw.githubusercontent.com/reshabhdatta/Velonna/main/products/ladies-rings/LR-0052/LR-0052-W-view4.jpg,8,Lab-Grown Diamond Ring LR-0052 in white metal,,,,https://raw.githubusercontent.com/reshabhdatta/Velonna/main/products/ladies-rings/LR-0052/LR-0052-W-view1.jpg,g,111338,
lab-grown-diamond-ring-lr-0052,,,,,,,Metal,14K Gold,Colour,Yellow,,,LR-0052-14K-Y,2.635,,,deny,manual,114678,,TRUE,TRUE,,https://raw.githubusercontent.com/reshabhdatta/Velonna/main/products/ladies-rings/LR-0052/LR-0052-Y-view1.jpg,9,Lab-Grown Diamond Ring LR-0052 in yellow metal,,,,https://raw.githubusercontent.com/reshabhdatta/Velonna/main/products/ladies-rings/LR-0052/LR-0052-Y-view1.jpg,g,111338,
lab-grown-diamond-ring-lr-0052,,,,,,,Metal,18K Gold,Colour,Rose,,,LR-0052-18K-R,3.1,,,deny,manual,128092,,TRUE,TRUE,,https://raw.githubusercontent.com/reshabhdatta/Velonna/main/products/ladies-rings/LR-0052/LR-0052-Y-view2.jpg,10,Lab-Grown Diamond Ring LR-0052 in rose metal,,,,https://raw.githubusercontent.com/reshabhdatta/Velonna/main/products/ladies-rings/LR-0052/LR-0052-R-view1.jpg,g,124361,
lab-grown-diamond-ring-lr-0052,,,,,,,Metal,18K Gold,Colour,White,,,LR-0052-18K-W,3.1,,,deny,manual,128092,,TRUE,TRUE,,https://raw.githubusercontent.com/reshabhdatta/Velonna/main/products/ladies-rings/LR-0052/LR-0052-Y-view3.jpg,11,Lab-Grown Diamond Ring LR-0052 in white metal,,,,https://raw.githubusercontent.com/reshabhdatta/Velonna/main/products/ladies-rings/LR-0052/LR-0052-W-view1.jpg,g,124361,
lab-grown-diamond-ring-lr-0052,,,,,,,Metal,18K Gold,Colour,Yellow,,,LR-0052-18K-Y,3.1,,,deny,manual,128092,,TRUE,TRUE,,https://raw.githubusercontent.com/reshabhdatta/Velonna/main/products/ladies-rings/LR-0052/LR-0052-Y-view4.jpg,12,Lab-Grown Diamond Ring LR-0052 in yellow metal,,,,https://raw.githubusercontent.com/reshabhdatta/Velonna/main/products/ladies-rings/LR-0052/LR-0052-Y-view1.jpg,g,124361,
lab-grown-diamond-ring-lr-0054,Lab-Grown Diamond Ring LR-0054,"<p>A lab-grown diamond ring by Velonna Jewels, reference LR-0054. Total diamond weight is approximately 3.1 ct across 3 stones. Available in 925 silver, 9K, 14K, or 18K gold with rose, white, or yellow metal colour.</p><p>Made to order. Final specifications and lead time are confirmed by our team.</p>",Velonna Jewels,Lab Grown Diamond Ring,"Lab Grown Diamonds, Unisex, Ring",TRUE,Metal,925 Silver,Colour,Rose,,,LR-0054-925-R,2.006,,,deny,manual,138444,,TRUE,TRUE,,https://raw.githubusercontent.com/reshabhdatta/Velonna/main/products/ladies-rings/LR-0054/LR-0054-R-view1.jpg,1,Lab-Grown Diamond Ring LR-0054 in rose metal,FALSE,Lab-Grown Diamond Ring LR-0054,Lab-Grown Diamond Ring LR-0054 with 3.1 ct lab-grown diamonds. Made to order by Velonna Jewels.,https://raw.githubusercontent.com/reshabhdatta/Velonna/main/products/ladies-rings/LR-0054/LR-0054-R-view1.jpg,g,134412,active
lab-grown-diamond-ring-lr-0054,,,,,,,Metal,925 Silver,Colour,White,,,LR-0054-925-W,2.006,,,deny,manual,138444,,TRUE,TRUE,,https://raw.githubusercontent.com/reshabhdatta/Velonna/main/products/ladies-rings/LR-0054/LR-0054-R-view2.jpg,2,Lab-Grown Diamond Ring LR-0054 in white metal,,,,https://raw.githubusercontent.com/reshabhdatta/Velonna/main/products/ladies-rings/LR-0054/LR-0054-W-view1.jpg,g,134412,
lab-grown-diamond-ring-lr-0054,,,,,,,Metal,925 Silver,Colour,Yellow,,,LR-0054-925-Y,2.006,,,deny,manual,138444,,TRUE,TRUE,,https://raw.githubusercontent.com/reshabhdatta/Velonna/main/products/ladies-rings/LR-0054/LR-0054-R-view3.jpg,3,Lab-Grown Diamond Ring LR-0054 in yellow metal,,,,https://raw.githubusercontent.com/reshabhdatta/Velonna/main/products/ladies-rings/LR-0054/LR-0054-Y-view1.jpg,g,134412,
lab-grown-diamond-ring-lr-0054,,,,,,,Metal,9K Gold,Colour,Rose,,,LR-0054-9K-R,2.242,,,deny,manual,151749,,TRUE,TRUE,,https://raw.githubusercontent.com/reshabhdatta/Velonna/main/products/ladies-rings/LR-0054/LR-0054-R-view4.jpg,4,Lab-Grown Diamond Ring LR-0054 in rose metal,,,,https://raw.githubusercontent.com/reshabhdatta/Velonna/main/products/ladies-rings/LR-0054/LR-0054-R-view1.jpg,g,147329,
lab-grown-diamond-ring-lr-0054,,,,,,,Metal,9K Gold,Colour,White,,,LR-0054-9K-W,2.242,,,deny,manual,151749,,TRUE,TRUE,,https://raw.githubusercontent.com/reshabhdatta/Velonna/main/products/ladies-rings/LR-0054/LR-0054-W-view1.jpg,5,Lab-Grown Diamond Ring LR-0054 in white metal,,,,https://raw.githubusercontent.com/reshabhdatta/Velonna/main/products/ladies-rings/LR-0054/LR-0054-W-view1.jpg,g,147329,
lab-grown-diamond-ring-lr-0054,,,,,,,Metal,9K Gold,Colour,Yellow,,,LR-0054-9K-Y,2.242,,,deny,manual,151749,,TRUE,TRUE,,https://raw.githubusercontent.com/reshabhdatta/Velonna/main/products/ladies-rings/LR-0054/LR-0054-W-view2.jpg,6,Lab-Grown Diamond Ring LR-0054 in yellow metal,,,,https://raw.githubusercontent.com/reshabhdatta/Velonna/main/products/ladies-rings/LR-0054/LR-0054-Y-view1.jpg,g,147329,
lab-grown-diamond-ring-lr-0054,,,,,,,Metal,14K Gold,Colour,Rose,,,LR-0054-14K-R,2.5075,,,deny,manual,162136,,TRUE,TRUE,,https://raw.githubusercontent.com/reshabhdatta/Velonna/main/products/ladies-rings/LR-0054/LR-0054-W-view3.jpg,7,Lab-Grown Diamond Ring LR-0054 in rose metal,,,,https://raw.githubusercontent.com/reshabhdatta/Velonna/main/products/ladies-rings/LR-0054/LR-0054-R-view1.jpg,g,157414,
lab-grown-diamond-ring-lr-0054,,,,,,,Metal,14K Gold,Colour,White,,,LR-0054-14K-W,2.5075,,,deny,manual,162136,,TRUE,TRUE,,https://raw.githubusercontent.com/reshabhdatta/Velonna/main/products/ladies-rings/LR-0054/LR-0054-W-view4.jpg,8,Lab-Grown Diamond Ring LR-0054 in white metal,,,,https://raw.githubusercontent.com/reshabhdatta/Velonna/main/products/ladies-rings/LR-0054/LR-0054-W-view1.jpg,g,157414,
lab-grown-diamond-ring-lr-0054,,,,,,,Metal,14K Gold,Colour,Yellow,,,LR-0054-14K-Y,2.5075,,,deny,manual,162136,,TRUE,TRUE,,https://raw.githubusercontent.com/reshabhdatta/Velonna/main/products/ladies-rings/LR-0054/LR-0054-Y-view1.jpg,9,Lab-Grown Diamond Ring LR-0054 in yellow metal,,,,https://raw.githubusercontent.com/reshabhdatta/Velonna/main/products/ladies-rings/LR-0054/LR-0054-Y-view1.jpg,g,157414,
lab-grown-diamond-ring-lr-0054,,,,,,,Metal,18K Gold,Colour,Rose,,,LR-0054-18K-R,2.95,,,deny,manual,174901,,TRUE,TRUE,,https://raw.githubusercontent.com/reshabhdatta/Velonna/main/products/ladies-rings/LR-0054/LR-0054-Y-view2.jpg,10,Lab-Grown Diamond Ring LR-0054 in rose metal,,,,https://raw.githubusercontent.com/reshabhdatta/Velonna/main/products/ladies-rings/LR-0054/LR-0054-R-view1.jpg,g,169807,
lab-grown-diamond-ring-lr-0054,,,,,,,Metal,18K Gold,Colour,White,,,LR-0054-18K-W,2.95,,,deny,manual,174901,,TRUE,TRUE,,https://raw.githubusercontent.com/reshabhdatta/Velonna/main/products/ladies-rings/LR-0054/LR-0054-Y-view3.jpg,11,Lab-Grown Diamond Ring LR-0054 in white metal,,,,https://raw.githubusercontent.com/reshabhdatta/Velonna/main/products/ladies-rings/LR-0054/LR-0054-W-view1.jpg,g,169807,
lab-grown-diamond-ring-lr-0054,,,,,,,Metal,18K Gold,Colour,Yellow,,,LR-0054-18K-Y,2.95,,,deny,manual,174901,,TRUE,TRUE,,https://raw.githubusercontent.com/reshabhdatta/Velonna/main/products/ladies-rings/LR-0054/LR-0054-Y-view4.jpg,12,Lab-Grown Diamond Ring LR-0054 in yellow metal,,,,https://raw.githubusercontent.com/reshabhdatta/Velonna/main/products/ladies-rings/LR-0054/LR-0054-Y-view1.jpg,g,169807,
lab-grown-diamond-ring-lr-0055,Lab-Grown Diamond Ring LR-0055,"<p>A lab-grown diamond ring by Velonna Jewels, reference LR-0055. Total diamond weight is approximately 2.1 ct across 14 stones. Available in 925 silver, 9K, 14K, or 18K gold with rose, white, or yellow metal colour.</p><p>Made to order. Final specifications and lead time are confirmed by our team.</p>",Velonna Jewels,Lab Grown Diamond Ring,"Lab Grown Diamonds, Unisex, Ring",TRUE,Metal,925 Silver,Colour,Rose,,,LR-0055-925-R,2.312,,,deny,manual,95847,,TRUE,TRUE,,https://raw.githubusercontent.com/reshabhdatta/Velonna/main/products/ladies-rings/LR-0055/LR-0055-R-view1.jpg,1,Lab-Grown Diamond Ring LR-0055 in rose metal,FALSE,Lab-Grown Diamond Ring LR-0055,Lab-Grown Diamond Ring LR-0055 with 2.1 ct lab-grown diamonds. Made to order by Velonna Jewels.,https://raw.githubusercontent.com/reshabhdatta/Velonna/main/products/ladies-rings/LR-0055/LR-0055-R-view1.jpg,g,93055,active
lab-grown-diamond-ring-lr-0055,,,,,,,Metal,925 Silver,Colour,White,,,LR-0055-925-W,2.312,,,deny,manual,95847,,TRUE,TRUE,,https://raw.githubusercontent.com/reshabhdatta/Velonna/main/products/ladies-rings/LR-0055/LR-0055-R-view2.jpg,2,Lab-Grown Diamond Ring LR-0055 in white metal,,,,https://raw.githubusercontent.com/reshabhdatta/Velonna/main/products/ladies-rings/LR-0055/LR-0055-W-view1.jpg,g,93055,
lab-grown-diamond-ring-lr-0055,,,,,,,Metal,925 Silver,Colour,Yellow,,,LR-0055-925-Y,2.312,,,deny,manual,95847,,TRUE,TRUE,,https://raw.githubusercontent.com/reshabhdatta/Velonna/main/products/ladies-rings/LR-0055/LR-0055-R-view3.jpg,3,Lab-Grown Diamond Ring LR-0055 in yellow metal,,,,https://raw.githubusercontent.com/reshabhdatta/Velonna/main/products/ladies-rings/LR-0055/LR-0055-Y-view1.jpg,g,93055,
lab-grown-diamond-ring-lr-0055,,,,,,,Metal,9K Gold,Colour,Rose,,,LR-0055-9K-R,2.584,,,deny,manual,111179,,TRUE,TRUE,,https://raw.githubusercontent.com/reshabhdatta/Velonna/main/products/ladies-rings/LR-0055/LR-0055-R-view4.jpg,4,Lab-Grown Diamond Ring LR-0055 in rose metal,,,,https://raw.githubusercontent.com/reshabhdatta/Velonna/main/products/ladies-rings/LR-0055/LR-0055-R-view1.jpg,g,107941,
lab-grown-diamond-ring-lr-0055,,,,,,,Metal,9K Gold,Colour,White,,,LR-0055-9K-W,2.584,,,deny,manual,111179,,TRUE,TRUE,,https://raw.githubusercontent.com/reshabhdatta/Velonna/main/products/ladies-rings/LR-0055/LR-0055-W-view1.jpg,5,Lab-Grown Diamond Ring LR-0055 in white metal,,,,https://raw.githubusercontent.com/reshabhdatta/Velonna/main/products/ladies-rings/LR-0055/LR-0055-W-view1.jpg,g,107941,
lab-grown-diamond-ring-lr-0055,,,,,,,Metal,9K Gold,Colour,Yellow,,,LR-0055-9K-Y,2.584,,,deny,manual,111179,,TRUE,TRUE,,https://raw.githubusercontent.com/reshabhdatta/Velonna/main/products/ladies-rings/LR-0055/LR-0055-W-view2.jpg,6,Lab-Grown Diamond Ring LR-0055 in yellow metal,,,,https://raw.githubusercontent.com/reshabhdatta/Velonna/main/products/ladies-rings/LR-0055/LR-0055-Y-view1.jpg,g,107941,
lab-grown-diamond-ring-lr-0055,,,,,,,Metal,14K Gold,Colour,Rose,,,LR-0055-14K-R,2.89,,,deny,manual,123153,,TRUE,TRUE,,https://raw.githubusercontent.com/reshabhdatta/Velonna/main/products/ladies-rings/LR-0055/LR-0055-W-view3.jpg,7,Lab-Grown Diamond Ring LR-0055 in rose metal,,,,https://raw.githubusercontent.com/reshabhdatta/Velonna/main/products/ladies-rings/LR-0055/LR-0055-R-view1.jpg,g,119566,
lab-grown-diamond-ring-lr-0055,,,,,,,Metal,14K Gold,Colour,White,,,LR-0055-14K-W,2.89,,,deny,manual,123153,,TRUE,TRUE,,https://raw.githubusercontent.com/reshabhdatta/Velonna/main/products/ladies-rings/LR-0055/LR-0055-W-view4.jpg,8,Lab-Grown Diamond Ring LR-0055 in white metal,,,,https://raw.githubusercontent.com/reshabhdatta/Velonna/main/products/ladies-rings/LR-0055/LR-0055-W-view1.jpg,g,119566,
lab-grown-diamond-ring-lr-0055,,,,,,,Metal,14K Gold,Colour,Yellow,,,LR-0055-14K-Y,2.89,,,deny,manual,123153,,TRUE,TRUE,,https://raw.githubusercontent.com/reshabhdatta/Velonna/main/products/ladies-rings/LR-0055/LR-0055-Y-view1.jpg,9,Lab-Grown Diamond Ring LR-0055 in yellow metal,,,,https://raw.githubusercontent.com/reshabhdatta/Velonna/main/products/ladies-rings/LR-0055/LR-0055-Y-view1.jpg,g,119566,
lab-grown-diamond-ring-lr-0055,,,,,,,Metal,18K Gold,Colour,Rose,,,LR-0055-18K-R,3.4,,,deny,manual,137863,,TRUE,TRUE,,https://raw.githubusercontent.com/reshabhdatta/Velonna/main/products/ladies-rings/LR-0055/LR-0055-Y-view2.jpg,10,Lab-Grown Diamond Ring LR-0055 in rose metal,,,,https://raw.githubusercontent.com/reshabhdatta/Velonna/main/products/ladies-rings/LR-0055/LR-0055-R-view1.jpg,g,133848,
lab-grown-diamond-ring-lr-0055,,,,,,,Metal,18K Gold,Colour,White,,,LR-0055-18K-W,3.4,,,deny,manual,137863,,TRUE,TRUE,,https://raw.githubusercontent.com/reshabhdatta/Velonna/main/products/ladies-rings/LR-0055/LR-0055-Y-view3.jpg,11,Lab-Grown Diamond Ring LR-0055 in white metal,,,,https://raw.githubusercontent.com/reshabhdatta/Velonna/main/products/ladies-rings/LR-0055/LR-0055-W-view1.jpg,g,133848,
lab-grown-diamond-ring-lr-0055,,,,,,,Metal,18K Gold,Colour,Yellow,,,LR-0055-18K-Y,3.4,,,deny,manual,137863,,TRUE,TRUE,,https://raw.githubusercontent.com/reshabhdatta/Velonna/main/products/ladies-rings/LR-0055/LR-0055-Y-view4.jpg,12,Lab-Grown Diamond Ring LR-0055 in yellow metal,,,,https://raw.githubusercontent.com/reshabhdatta/Velonna/main/products/ladies-rings/LR-0055/LR-0055-Y-view1.jpg,g,133848,
lab-grown-diamond-ring-lr-0057,Lab-Grown Diamond Ring LR-0057,"<p>A lab-grown diamond ring by Velonna Jewels, reference LR-0057. Total diamond weight is approximately 3.76 ct across 57 stones. Available in 925 silver, 9K, 14K, or 18K gold with rose, white, or yellow metal colour.</p><p>Made to order. Final specifications and lead time are confirmed by our team.</p>",Velonna Jewels,Lab Grown Diamond Ring,"Lab Grown Diamonds, Unisex, Ring",TRUE,Metal,925 Silver,Colour,Rose,,,LR-0057-925-R,2.618,,,deny,manual,168321,,TRUE,TRUE,,https://raw.githubusercontent.com/reshabhdatta/Velonna/main/products/ladies-rings/LR-0057/LR-0057-R-view1.jpg,1,Lab-Grown Diamond Ring LR-0057 in rose metal,FALSE,Lab-Grown Diamond Ring LR-0057,Lab-Grown Diamond Ring LR-0057 with 3.76 ct lab-grown diamonds. Made to order by Velonna Jewels.,https://raw.githubusercontent.com/reshabhdatta/Velonna/main/products/ladies-rings/LR-0057/LR-0057-R-view1.jpg,g,163418,active
lab-grown-diamond-ring-lr-0057,,,,,,,Metal,925 Silver,Colour,White,,,LR-0057-925-W,2.618,,,deny,manual,168321,,TRUE,TRUE,,https://raw.githubusercontent.com/reshabhdatta/Velonna/main/products/ladies-rings/LR-0057/LR-0057-R-view2.jpg,2,Lab-Grown Diamond Ring LR-0057 in white metal,,,,https://raw.githubusercontent.com/reshabhdatta/Velonna/main/products/ladies-rings/LR-0057/LR-0057-W-view1.jpg,g,163418,
lab-grown-diamond-ring-lr-0057,,,,,,,Metal,925 Silver,Colour,Yellow,,,LR-0057-925-Y,2.618,,,deny,manual,168321,,TRUE,TRUE,,https://raw.githubusercontent.com/reshabhdatta/Velonna/main/products/ladies-rings/LR-0057/LR-0057-R-view3.jpg,3,Lab-Grown Diamond Ring LR-0057 in yellow metal,,,,https://raw.githubusercontent.com/reshabhdatta/Velonna/main/products/ladies-rings/LR-0057/LR-0057-Y-view1.jpg,g,163418,
lab-grown-diamond-ring-lr-0057,,,,,,,Metal,9K Gold,Colour,Rose,,,LR-0057-9K-R,2.926,,,deny,manual,185683,,TRUE,TRUE,,https://raw.githubusercontent.com/reshabhdatta/Velonna/main/products/ladies-rings/LR-0057/LR-0057-R-view4.jpg,4,Lab-Grown Diamond Ring LR-0057 in rose metal,,,,https://raw.githubusercontent.com/reshabhdatta/Velonna/main/products/ladies-rings/LR-0057/LR-0057-R-view1.jpg,g,180275,
lab-grown-diamond-ring-lr-0057,,,,,,,Metal,9K Gold,Colour,White,,,LR-0057-9K-W,2.926,,,deny,manual,185683,,TRUE,TRUE,,https://raw.githubusercontent.com/reshabhdatta/Velonna/main/products/ladies-rings/LR-0057/LR-0057-W-view1.jpg,5,Lab-Grown Diamond Ring LR-0057 in white metal,,,,https://raw.githubusercontent.com/reshabhdatta/Velonna/main/products/ladies-rings/LR-0057/LR-0057-W-view1.jpg,g,180275,
lab-grown-diamond-ring-lr-0057,,,,,,,Metal,9K Gold,Colour,Yellow,,,LR-0057-9K-Y,2.926,,,deny,manual,185683,,TRUE,TRUE,,https://raw.githubusercontent.com/reshabhdatta/Velonna/main/products/ladies-rings/LR-0057/LR-0057-W-view2.jpg,6,Lab-Grown Diamond Ring LR-0057 in yellow metal,,,,https://raw.githubusercontent.com/reshabhdatta/Velonna/main/products/ladies-rings/LR-0057/LR-0057-Y-view1.jpg,g,180275,
lab-grown-diamond-ring-lr-0057,,,,,,,Metal,14K Gold,Colour,Rose,,,LR-0057-14K-R,3.2725,,,deny,manual,199239,,TRUE,TRUE,,https://raw.githubusercontent.com/reshabhdatta/Velonna/main/products/ladies-rings/LR-0057/LR-0057-W-view3.jpg,7,Lab-Grown Diamond Ring LR-0057 in rose metal,,,,https://raw.githubusercontent.com/reshabhdatta/Velonna/main/products/ladies-rings/LR-0057/LR-0057-R-view1.jpg,g,193436,
lab-grown-diamond-ring-lr-0057,,,,,,,Metal,14K Gold,Colour,White,,,LR-0057-14K-W,3.2725,,,deny,manual,199239,,TRUE,TRUE,,https://raw.githubusercontent.com/reshabhdatta/Velonna/main/products/ladies-rings/LR-0057/LR-0057-W-view4.jpg,8,Lab-Grown Diamond Ring LR-0057 in white metal,,,,https://raw.githubusercontent.com/reshabhdatta/Velonna/main/products/ladies-rings/LR-0057/LR-0057-W-view1.jpg,g,193436,
lab-grown-diamond-ring-lr-0057,,,,,,,Metal,14K Gold,Colour,Yellow,,,LR-0057-14K-Y,3.2725,,,deny,manual,199239,,TRUE,TRUE,,https://raw.githubusercontent.com/reshabhdatta/Velonna/main/products/ladies-rings/LR-0057/LR-0057-Y-view1.jpg,9,Lab-Grown Diamond Ring LR-0057 in yellow metal,,,,https://raw.githubusercontent.com/reshabhdatta/Velonna/main/products/ladies-rings/LR-0057/LR-0057-Y-view1.jpg,g,193436,
lab-grown-diamond-ring-lr-0057,,,,,,,Metal,18K Gold,Colour,Rose,,,LR-0057-18K-R,3.85,,,deny,manual,215899,,TRUE,TRUE,,https://raw.githubusercontent.com/reshabhdatta/Velonna/main/products/ladies-rings/LR-0057/LR-0057-Y-view2.jpg,10,Lab-Grown Diamond Ring LR-0057 in rose metal,,,,https://raw.githubusercontent.com/reshabhdatta/Velonna/main/products/ladies-rings/LR-0057/LR-0057-R-view1.jpg,g,209611,
lab-grown-diamond-ring-lr-0057,,,,,,,Metal,18K Gold,Colour,White,,,LR-0057-18K-W,3.85,,,deny,manual,215899,,TRUE,TRUE,,https://raw.githubusercontent.com/reshabhdatta/Velonna/main/products/ladies-rings/LR-0057/LR-0057-Y-view3.jpg,11,Lab-Grown Diamond Ring LR-0057 in white metal,,,,https://raw.githubusercontent.com/reshabhdatta/Velonna/main/products/ladies-rings/LR-0057/LR-0057-W-view1.jpg,g,209611,
lab-grown-diamond-ring-lr-0057,,,,,,,Metal,18K Gold,Colour,Yellow,,,LR-0057-18K-Y,3.85,,,deny,manual,215899,,TRUE,TRUE,,https://raw.githubusercontent.com/reshabhdatta/Velonna/main/products/ladies-rings/LR-0057/LR-0057-Y-view4.jpg,12,Lab-Grown Diamond Ring LR-0057 in yellow metal,,,,https://raw.githubusercontent.com/reshabhdatta/Velonna/main/products/ladies-rings/LR-0057/LR-0057-Y-view1.jpg,g,209611,
lab-grown-diamond-ring-lr-0058,Lab-Grown Diamond Ring LR-0058,"<p>A lab-grown diamond ring by Velonna Jewels, reference LR-0058. Total diamond weight is approximately 1.656 ct across 49 stones. Available in 925 silver, 9K, 14K, or 18K gold with rose, white, or yellow metal colour.</p><p>Made to order. Final specifications and lead time are confirmed by our team.</p>",Velonna Jewels,Lab Grown Diamond Ring,"Lab Grown Diamonds, Unisex, Ring",TRUE,Metal,925 Silver,Colour,Rose,,,LR-0058-925-R,2.72,,,deny,manual,77522,,TRUE,TRUE,,https://raw.githubusercontent.com/reshabhdatta/Velonna/main/products/ladies-rings/LR-0058/LR-0058-R-view1.jpg,1,Lab-Grown Diamond Ring LR-0058 in rose metal,FALSE,Lab-Grown Diamond Ring LR-0058,Lab-Grown Diamond Ring LR-0058 with 1.656 ct lab-grown diamonds. Made to order by Velonna Jewels.,https://raw.githubusercontent.com/reshabhdatta/Velonna/main/products/ladies-rings/LR-0058/LR-0058-R-view1.jpg,g,75264,active
lab-grown-diamond-ring-lr-0058,,,,,,,Metal,925 Silver,Colour,White,,,LR-0058-925-W,2.72,,,deny,manual,77522,,TRUE,TRUE,,https://raw.githubusercontent.com/reshabhdatta/Velonna/main/products/ladies-rings/LR-0058/LR-0058-R-view2.jpg,2,Lab-Grown Diamond Ring LR-0058 in white metal,,,,https://raw.githubusercontent.com/reshabhdatta/Velonna/main/products/ladies-rings/LR-0058/LR-0058-W-view1.jpg,g,75264,
lab-grown-diamond-ring-lr-0058,,,,,,,Metal,925 Silver,Colour,Yellow,,,LR-0058-925-Y,2.72,,,deny,manual,77522,,TRUE,TRUE,,https://raw.githubusercontent.com/reshabhdatta/Velonna/main/products/ladies-rings/LR-0058/LR-0058-R-view3.jpg,3,Lab-Grown Diamond Ring LR-0058 in yellow metal,,,,https://raw.githubusercontent.com/reshabhdatta/Velonna/main/products/ladies-rings/LR-0058/LR-0058-Y-view1.jpg,g,75264,
lab-grown-diamond-ring-lr-0058,,,,,,,Metal,9K Gold,Colour,Rose,,,LR-0058-9K-R,3.04,,,deny,manual,95561,,TRUE,TRUE,,https://raw.githubusercontent.com/reshabhdatta/Velonna/main/products/ladies-rings/LR-0058/LR-0058-R-view4.jpg,4,Lab-Grown Diamond Ring LR-0058 in rose metal,,,,https://raw.githubusercontent.com/reshabhdatta/Velonna/main/products/ladies-rings/LR-0058/LR-0058-R-view1.jpg,g,92778,
lab-grown-diamond-ring-lr-0058,,,,,,,Metal,9K Gold,Colour,White,,,LR-0058-9K-W,3.04,,,deny,manual,95561,,TRUE,TRUE,,https://raw.githubusercontent.com/reshabhdatta/Velonna/main/products/ladies-rings/LR-0058/LR-0058-W-view1.jpg,5,Lab-Grown Diamond Ring LR-0058 in white metal,,,,https://raw.githubusercontent.com/reshabhdatta/Velonna/main/products/ladies-rings/LR-0058/LR-0058-W-view1.jpg,g,92778,
lab-grown-diamond-ring-lr-0058,,,,,,,Metal,9K Gold,Colour,Yellow,,,LR-0058-9K-Y,3.04,,,deny,manual,95561,,TRUE,TRUE,,https://raw.githubusercontent.com/reshabhdatta/Velonna/main/products/ladies-rings/LR-0058/LR-0058-W-view2.jpg,6,Lab-Grown Diamond Ring LR-0058 in yellow metal,,,,https://raw.githubusercontent.com/reshabhdatta/Velonna/main/products/ladies-rings/LR-0058/LR-0058-Y-view1.jpg,g,92778,
lab-grown-diamond-ring-lr-0058,,,,,,,Metal,14K Gold,Colour,Rose,,,LR-0058-14K-R,3.4,,,deny,manual,109646,,TRUE,TRUE,,https://raw.githubusercontent.com/reshabhdatta/Velonna/main/products/ladies-rings/LR-0058/LR-0058-W-view3.jpg,7,Lab-Grown Diamond Ring LR-0058 in rose metal,,,,https://raw.githubusercontent.com/reshabhdatta/Velonna/main/products/ladies-rings/LR-0058/LR-0058-R-view1.jpg,g,106452,
lab-grown-diamond-ring-lr-0058,,,,,,,Metal,14K Gold,Colour,White,,,LR-0058-14K-W,3.4,,,deny,manual,109646,,TRUE,TRUE,,https://raw.githubusercontent.com/reshabhdatta/Velonna/main/products/ladies-rings/LR-0058/LR-0058-W-view4.jpg,8,Lab-Grown Diamond Ring LR-0058 in white metal,,,,https://raw.githubusercontent.com/reshabhdatta/Velonna/main/products/ladies-rings/LR-0058/LR-0058-W-view1.jpg,g,106452,
lab-grown-diamond-ring-lr-0058,,,,,,,Metal,14K Gold,Colour,Yellow,,,LR-0058-14K-Y,3.4,,,deny,manual,109646,,TRUE,TRUE,,https://raw.githubusercontent.com/reshabhdatta/Velonna/main/products/ladies-rings/LR-0058/LR-0058-Y-view1.jpg,9,Lab-Grown Diamond Ring LR-0058 in yellow metal,,,,https://raw.githubusercontent.com/reshabhdatta/Velonna/main/products/ladies-rings/LR-0058/LR-0058-Y-view1.jpg,g,106452,
lab-grown-diamond-ring-lr-0058,,,,,,,Metal,18K Gold,Colour,Rose,,,LR-0058-18K-R,4,,,deny,manual,126954,,TRUE,TRUE,,https://raw.githubusercontent.com/reshabhdatta/Velonna/main/products/ladies-rings/LR-0058/LR-0058-Y-view2.jpg,10,Lab-Grown Diamond Ring LR-0058 in rose metal,,,,https://raw.githubusercontent.com/reshabhdatta/Velonna/main/products/ladies-rings/LR-0058/LR-0058-R-view1.jpg,g,123256,
lab-grown-diamond-ring-lr-0058,,,,,,,Metal,18K Gold,Colour,White,,,LR-0058-18K-W,4,,,deny,manual,126954,,TRUE,TRUE,,https://raw.githubusercontent.com/reshabhdatta/Velonna/main/products/ladies-rings/LR-0058/LR-0058-Y-view3.jpg,11,Lab-Grown Diamond Ring LR-0058 in white metal,,,,https://raw.githubusercontent.com/reshabhdatta/Velonna/main/products/ladies-rings/LR-0058/LR-0058-W-view1.jpg,g,123256,
lab-grown-diamond-ring-lr-0058,,,,,,,Metal,18K Gold,Colour,Yellow,,,LR-0058-18K-Y,4,,,deny,manual,126954,,TRUE,TRUE,,https://raw.githubusercontent.com/reshabhdatta/Velonna/main/products/ladies-rings/LR-0058/LR-0058-Y-view4.jpg,12,Lab-Grown Diamond Ring LR-0058 in yellow metal,,,,https://raw.githubusercontent.com/reshabhdatta/Velonna/main/products/ladies-rings/LR-0058/LR-0058-Y-view1.jpg,g,123256,
lab-grown-diamond-ring-lr-0069,Lab-Grown Diamond Ring LR-0069,"<p>A lab-grown diamond ring by Velonna Jewels, reference LR-0069. Total diamond weight is approximately 2.664 ct across 15 stones. Available in 925 silver, 9K, 14K, or 18K gold with rose, white, or yellow metal colour.</p><p>Made to order. Final specifications and lead time are confirmed by our team.</p>",Velonna Jewels,Lab Grown Diamond Ring,"Lab Grown Diamonds, Unisex, Ring",TRUE,Metal,925 Silver,Colour,Rose,,,LR-0069-925-R,2.244,,,deny,manual,120098,,TRUE,TRUE,,https://raw.githubusercontent.com/reshabhdatta/Velonna/main/products/ladies-rings/LR-0069/LR-0069-R-view1.jpg,1,Lab-Grown Diamond Ring LR-0069 in rose metal,FALSE,Lab-Grown Diamond Ring LR-0069,Lab-Grown Diamond Ring LR-0069 with 2.664 ct lab-grown diamonds. Made to order by Velonna Jewels.,https://raw.githubusercontent.com/reshabhdatta/Velonna/main/products/ladies-rings/LR-0069/LR-0069-R-view1.jpg,g,116600,active
lab-grown-diamond-ring-lr-0069,,,,,,,Metal,925 Silver,Colour,White,,,LR-0069-925-W,2.244,,,deny,manual,120098,,TRUE,TRUE,,https://raw.githubusercontent.com/reshabhdatta/Velonna/main/products/ladies-rings/LR-0069/LR-0069-R-view2.jpg,2,Lab-Grown Diamond Ring LR-0069 in white metal,,,,https://raw.githubusercontent.com/reshabhdatta/Velonna/main/products/ladies-rings/LR-0069/LR-0069-W-view1.jpg,g,116600,
lab-grown-diamond-ring-lr-0069,,,,,,,Metal,925 Silver,Colour,Yellow,,,LR-0069-925-Y,2.244,,,deny,manual,120098,,TRUE,TRUE,,https://raw.githubusercontent.com/reshabhdatta/Velonna/main/products/ladies-rings/LR-0069/LR-0069-R-view3.jpg,3,Lab-Grown Diamond Ring LR-0069 in yellow metal,,,,https://raw.githubusercontent.com/reshabhdatta/Velonna/main/products/ladies-rings/LR-0069/LR-0069-Y-view1.jpg,g,116600,
lab-grown-diamond-ring-lr-0069,,,,,,,Metal,9K Gold,Colour,Rose,,,LR-0069-9K-R,2.508,,,deny,manual,134980,,TRUE,TRUE,,https://raw.githubusercontent.com/reshabhdatta/Velonna/main/products/ladies-rings/LR-0069/LR-0069-R-view4.jpg,4,Lab-Grown Diamond Ring LR-0069 in rose metal,,,,https://raw.githubusercontent.com/reshabhdatta/Velonna/main/products/ladies-rings/LR-0069/LR-0069-R-view1.jpg,g,131049,
lab-grown-diamond-ring-lr-0069,,,,,,,Metal,9K Gold,Colour,White,,,LR-0069-9K-W,2.508,,,deny,manual,134980,,TRUE,TRUE,,https://raw.githubusercontent.com/reshabhdatta/Velonna/main/products/ladies-rings/LR-0069/LR-0069-W-view1.jpg,5,Lab-Grown Diamond Ring LR-0069 in white metal,,,,https://raw.githubusercontent.com/reshabhdatta/Velonna/main/products/ladies-rings/LR-0069/LR-0069-W-view1.jpg,g,131049,
lab-grown-diamond-ring-lr-0069,,,,,,,Metal,9K Gold,Colour,Yellow,,,LR-0069-9K-Y,2.508,,,deny,manual,134980,,TRUE,TRUE,,https://raw.githubusercontent.com/reshabhdatta/Velonna/main/products/ladies-rings/LR-0069/LR-0069-W-view2.jpg,6,Lab-Grown Diamond Ring LR-0069 in yellow metal,,,,https://raw.githubusercontent.com/reshabhdatta/Velonna/main/products/ladies-rings/LR-0069/LR-0069-Y-view1.jpg,g,131049,
lab-grown-diamond-ring-lr-0069,,,,,,,Metal,14K Gold,Colour,Rose,,,LR-0069-14K-R,2.805,,,deny,manual,146600,,TRUE,TRUE,,https://raw.githubusercontent.com/reshabhdatta/Velonna/main/products/ladies-rings/LR-0069/LR-0069-W-view3.jpg,7,Lab-Grown Diamond Ring LR-0069 in rose metal,,,,https://raw.githubusercontent.com/reshabhdatta/Velonna/main/products/ladies-rings/LR-0069/LR-0069-R-view1.jpg,g,142330,
lab-grown-diamond-ring-lr-0069,,,,,,,Metal,14K Gold,Colour,White,,,LR-0069-14K-W,2.805,,,deny,manual,146600,,TRUE,TRUE,,https://raw.githubusercontent.com/reshabhdatta/Velonna/main/products/ladies-rings/LR-0069/LR-0069-W-view4.jpg,8,Lab-Grown Diamond Ring LR-0069 in white metal,,,,https://raw.githubusercontent.com/reshabhdatta/Velonna/main/products/ladies-rings/LR-0069/LR-0069-W-view1.jpg,g,142330,
lab-grown-diamond-ring-lr-0069,,,,,,,Metal,14K Gold,Colour,Yellow,,,LR-0069-14K-Y,2.805,,,deny,manual,146600,,TRUE,TRUE,,https://raw.githubusercontent.com/reshabhdatta/Velonna/main/products/ladies-rings/LR-0069/LR-0069-Y-view1.jpg,9,Lab-Grown Diamond Ring LR-0069 in yellow metal,,,,https://raw.githubusercontent.com/reshabhdatta/Velonna/main/products/ladies-rings/LR-0069/LR-0069-Y-view1.jpg,g,142330,
lab-grown-diamond-ring-lr-0069,,,,,,,Metal,18K Gold,Colour,Rose,,,LR-0069-18K-R,3.3,,,deny,manual,160880,,TRUE,TRUE,,https://raw.githubusercontent.com/reshabhdatta/Velonna/main/products/ladies-rings/LR-0069/LR-0069-Y-view2.jpg,10,Lab-Grown Diamond Ring LR-0069 in rose metal,,,,https://raw.githubusercontent.com/reshabhdatta/Velonna/main/products/ladies-rings/LR-0069/LR-0069-R-view1.jpg,g,156194,
lab-grown-diamond-ring-lr-0069,,,,,,,Metal,18K Gold,Colour,White,,,LR-0069-18K-W,3.3,,,deny,manual,160880,,TRUE,TRUE,,https://raw.githubusercontent.com/reshabhdatta/Velonna/main/products/ladies-rings/LR-0069/LR-0069-Y-view3.jpg,11,Lab-Grown Diamond Ring LR-0069 in white metal,,,,https://raw.githubusercontent.com/reshabhdatta/Velonna/main/products/ladies-rings/LR-0069/LR-0069-W-view1.jpg,g,156194,
lab-grown-diamond-ring-lr-0069,,,,,,,Metal,18K Gold,Colour,Yellow,,,LR-0069-18K-Y,3.3,,,deny,manual,160880,,TRUE,TRUE,,https://raw.githubusercontent.com/reshabhdatta/Velonna/main/products/ladies-rings/LR-0069/LR-0069-Y-view4.jpg,12,Lab-Grown Diamond Ring LR-0069 in yellow metal,,,,https://raw.githubusercontent.com/reshabhdatta/Velonna/main/products/ladies-rings/LR-0069/LR-0069-Y-view1.jpg,g,156194,
lab-grown-diamond-ring-lr-0071,Lab-Grown Diamond Ring LR-0071,"<p>A lab-grown diamond ring by Velonna Jewels, reference LR-0071. Total diamond weight is approximately 4.47 ct across 45 stones. Available in 925 silver, 9K, 14K, or 18K gold with rose, white, or yellow metal colour.</p><p>Made to order. Final specifications and lead time are confirmed by our team.</p>",Velonna Jewels,Lab Grown Diamond Ring,"Lab Grown Diamonds, Unisex, Ring",TRUE,Metal,925 Silver,Colour,Rose,,,LR-0071-925-R,3.23,,,deny,manual,200360,,TRUE,TRUE,,https://raw.githubusercontent.com/reshabhdatta/Velonna/main/products/ladies-rings/LR-0071/LR-0071-R-view1.jpg,1,Lab-Grown Diamond Ring LR-0071 in rose metal,FALSE,Lab-Grown Diamond Ring LR-0071,Lab-Grown Diamond Ring LR-0071 with 4.47 ct lab-grown diamonds. Made to order by Velonna Jewels.,https://raw.githubusercontent.com/reshabhdatta/Velonna/main/products/ladies-rings/LR-0071/LR-0071-R-view1.jpg,g,194524,active
lab-grown-diamond-ring-lr-0071,,,,,,,Metal,925 Silver,Colour,White,,,LR-0071-925-W,3.23,,,deny,manual,200360,,TRUE,TRUE,,https://raw.githubusercontent.com/reshabhdatta/Velonna/main/products/ladies-rings/LR-0071/LR-0071-R-view2.jpg,2,Lab-Grown Diamond Ring LR-0071 in white metal,,,,https://raw.githubusercontent.com/reshabhdatta/Velonna/main/products/ladies-rings/LR-0071/LR-0071-W-view1.jpg,g,194524,
lab-grown-diamond-ring-lr-0071,,,,,,,Metal,925 Silver,Colour,Yellow,,,LR-0071-925-Y,3.23,,,deny,manual,200360,,TRUE,TRUE,,https://raw.githubusercontent.com/reshabhdatta/Velonna/main/products/ladies-rings/LR-0071/LR-0071-R-view3.jpg,3,Lab-Grown Diamond Ring LR-0071 in yellow metal,,,,https://raw.githubusercontent.com/reshabhdatta/Velonna/main/products/ladies-rings/LR-0071/LR-0071-Y-view1.jpg,g,194524,
lab-grown-diamond-ring-lr-0071,,,,,,,Metal,9K Gold,Colour,Rose,,,LR-0071-9K-R,3.61,,,deny,manual,221781,,TRUE,TRUE,,https://raw.githubusercontent.com/reshabhdatta/Velonna/main/products/ladies-rings/LR-0071/LR-0071-R-view4.jpg,4,Lab-Grown Diamond Ring LR-0071 in rose metal,,,,https://raw.githubusercontent.com/reshabhdatta/Velonna/main/products/ladies-rings/LR-0071/LR-0071-R-view1.jpg,g,215321,
lab-grown-diamond-ring-lr-0071,,,,,,,Metal,9K Gold,Colour,White,,,LR-0071-9K-W,3.61,,,deny,manual,221781,,TRUE,TRUE,,https://raw.githubusercontent.com/reshabhdatta/Velonna/main/products/ladies-rings/LR-0071/LR-0071-W-view1.jpg,5,Lab-Grown Diamond Ring LR-0071 in white metal,,,,https://raw.githubusercontent.com/reshabhdatta/Velonna/main/products/ladies-rings/LR-0071/LR-0071-W-view1.jpg,g,215321,
lab-grown-diamond-ring-lr-0071,,,,,,,Metal,9K Gold,Colour,Yellow,,,LR-0071-9K-Y,3.61,,,deny,manual,221781,,TRUE,TRUE,,https://raw.githubusercontent.com/reshabhdatta/Velonna/main/products/ladies-rings/LR-0071/LR-0071-W-view2.jpg,6,Lab-Grown Diamond Ring LR-0071 in yellow metal,,,,https://raw.githubusercontent.com/reshabhdatta/Velonna/main/products/ladies-rings/LR-0071/LR-0071-Y-view1.jpg,g,215321,
lab-grown-diamond-ring-lr-0071,,,,,,,Metal,14K Gold,Colour,Rose,,,LR-0071-14K-R,4.0375,,,deny,manual,238506,,TRUE,TRUE,,https://raw.githubusercontent.com/reshabhdatta/Velonna/main/products/ladies-rings/LR-0071/LR-0071-W-view3.jpg,7,Lab-Grown Diamond Ring LR-0071 in rose metal,,,,https://raw.githubusercontent.com/reshabhdatta/Velonna/main/products/ladies-rings/LR-0071/LR-0071-R-view1.jpg,g,231559,
lab-grown-diamond-ring-lr-0071,,,,,,,Metal,14K Gold,Colour,White,,,LR-0071-14K-W,4.0375,,,deny,manual,238506,,TRUE,TRUE,,https://raw.githubusercontent.com/reshabhdatta/Velonna/main/products/ladies-rings/LR-0071/LR-0071-W-view4.jpg,8,Lab-Grown Diamond Ring LR-0071 in white metal,,,,https://raw.githubusercontent.com/reshabhdatta/Velonna/main/products/ladies-rings/LR-0071/LR-0071-W-view1.jpg,g,231559,
lab-grown-diamond-ring-lr-0071,,,,,,,Metal,14K Gold,Colour,Yellow,,,LR-0071-14K-Y,4.0375,,,deny,manual,238506,,TRUE,TRUE,,https://raw.githubusercontent.com/reshabhdatta/Velonna/main/products/ladies-rings/LR-0071/LR-0071-Y-view1.jpg,9,Lab-Grown Diamond Ring LR-0071 in yellow metal,,,,https://raw.githubusercontent.com/reshabhdatta/Velonna/main/products/ladies-rings/LR-0071/LR-0071-Y-view1.jpg,g,231559,
lab-grown-diamond-ring-lr-0071,,,,,,,Metal,18K Gold,Colour,Rose,,,LR-0071-18K-R,4.75,,,deny,manual,259059,,TRUE,TRUE,,https://raw.githubusercontent.com/reshabhdatta/Velonna/main/products/ladies-rings/LR-0071/LR-0071-Y-view2.jpg,10,Lab-Grown Diamond Ring LR-0071 in rose metal,,,,https://raw.githubusercontent.com/reshabhdatta/Velonna/main/products/ladies-rings/LR-0071/LR-0071-R-view1.jpg,g,251514,
lab-grown-diamond-ring-lr-0071,,,,,,,Metal,18K Gold,Colour,White,,,LR-0071-18K-W,4.75,,,deny,manual,259059,,TRUE,TRUE,,https://raw.githubusercontent.com/reshabhdatta/Velonna/main/products/ladies-rings/LR-0071/LR-0071-Y-view3.jpg,11,Lab-Grown Diamond Ring LR-0071 in white metal,,,,https://raw.githubusercontent.com/reshabhdatta/Velonna/main/products/ladies-rings/LR-0071/LR-0071-W-view1.jpg,g,251514,
lab-grown-diamond-ring-lr-0071,,,,,,,Metal,18K Gold,Colour,Yellow,,,LR-0071-18K-Y,4.75,,,deny,manual,259059,,TRUE,TRUE,,https://raw.githubusercontent.com/reshabhdatta/Velonna/main/products/ladies-rings/LR-0071/LR-0071-Y-view4.jpg,12,Lab-Grown Diamond Ring LR-0071 in yellow metal,,,,https://raw.githubusercontent.com/reshabhdatta/Velonna/main/products/ladies-rings/LR-0071/LR-0071-Y-view1.jpg,g,251514,
lab-grown-diamond-ring-lr-0090,Lab-Grown Diamond Ring LR-0090,"<p>A lab-grown diamond ring by Velonna Jewels, reference LR-0090. Total diamond weight is approximately 3.58 ct across 5 stones. Available in 925 silver, 9K, 14K, or 18K gold with rose, white, or yellow metal colour.</p><p>Made to order. Final specifications and lead time are confirmed by our team.</p>",Velonna Jewels,Lab Grown Diamond Ring,"Lab Grown Diamonds, Unisex, Ring",TRUE,Metal,925 Silver,Colour,Rose,,,LR-0090-925-R,3.162,,,deny,manual,161711,,TRUE,TRUE,,https://raw.githubusercontent.com/reshabhdatta/Velonna/main/products/ladies-rings/LR-0090/LR-0090-R-view1.jpg,1,Lab-Grown Diamond Ring LR-0090 in rose metal,FALSE,Lab-Grown Diamond Ring LR-0090,Lab-Grown Diamond Ring LR-0090 with 3.58 ct lab-grown diamonds. Made to order by Velonna Jewels.,https://raw.githubusercontent.com/reshabhdatta/Velonna/main/products/ladies-rings/LR-0090/LR-0090-R-view1.jpg,g,157001,active
lab-grown-diamond-ring-lr-0090,,,,,,,Metal,925 Silver,Colour,White,,,LR-0090-925-W,3.162,,,deny,manual,161711,,TRUE,TRUE,,https://raw.githubusercontent.com/reshabhdatta/Velonna/main/products/ladies-rings/LR-0090/LR-0090-R-view2.jpg,2,Lab-Grown Diamond Ring LR-0090 in white metal,,,,https://raw.githubusercontent.com/reshabhdatta/Velonna/main/products/ladies-rings/LR-0090/LR-0090-W-view1.jpg,g,157001,
lab-grown-diamond-ring-lr-0090,,,,,,,Metal,925 Silver,Colour,Yellow,,,LR-0090-925-Y,3.162,,,deny,manual,161711,,TRUE,TRUE,,https://raw.githubusercontent.com/reshabhdatta/Velonna/main/products/ladies-rings/LR-0090/LR-0090-W-view1.jpg,3,Lab-Grown Diamond Ring LR-0090 in yellow metal,,,,https://raw.githubusercontent.com/reshabhdatta/Velonna/main/products/ladies-rings/LR-0090/LR-0090-R-view1.jpg,g,157001,
lab-grown-diamond-ring-lr-0090,,,,,,,Metal,9K Gold,Colour,Rose,,,LR-0090-9K-R,3.534,,,deny,manual,182681,,TRUE,TRUE,,https://raw.githubusercontent.com/reshabhdatta/Velonna/main/products/ladies-rings/LR-0090/LR-0090-W-view2.jpg,4,Lab-Grown Diamond Ring LR-0090 in rose metal,,,,https://raw.githubusercontent.com/reshabhdatta/Velonna/main/products/ladies-rings/LR-0090/LR-0090-R-view1.jpg,g,177360,
lab-grown-diamond-ring-lr-0090,,,,,,,Metal,9K Gold,Colour,White,,,LR-0090-9K-W,3.534,,,deny,manual,182681,,TRUE,TRUE,,,,,,,,https://raw.githubusercontent.com/reshabhdatta/Velonna/main/products/ladies-rings/LR-0090/LR-0090-W-view1.jpg,g,177360,
lab-grown-diamond-ring-lr-0090,,,,,,,Metal,9K Gold,Colour,Yellow,,,LR-0090-9K-Y,3.534,,,deny,manual,182681,,TRUE,TRUE,,,,,,,,https://raw.githubusercontent.com/reshabhdatta/Velonna/main/products/ladies-rings/LR-0090/LR-0090-R-view1.jpg,g,177360,
lab-grown-diamond-ring-lr-0090,,,,,,,Metal,14K Gold,Colour,Rose,,,LR-0090-14K-R,3.9525,,,deny,manual,199054,,TRUE,TRUE,,,,,,,,https://raw.githubusercontent.com/reshabhdatta/Velonna/main/products/ladies-rings/LR-0090/LR-0090-R-view1.jpg,g,193256,
lab-grown-diamond-ring-lr-0090,,,,,,,Metal,14K Gold,Colour,White,,,LR-0090-14K-W,3.9525,,,deny,manual,199054,,TRUE,TRUE,,,,,,,,https://raw.githubusercontent.com/reshabhdatta/Velonna/main/products/ladies-rings/LR-0090/LR-0090-W-view1.jpg,g,193256,
lab-grown-diamond-ring-lr-0090,,,,,,,Metal,14K Gold,Colour,Yellow,,,LR-0090-14K-Y,3.9525,,,deny,manual,199054,,TRUE,TRUE,,,,,,,,https://raw.githubusercontent.com/reshabhdatta/Velonna/main/products/ladies-rings/LR-0090/LR-0090-R-view1.jpg,g,193256,
lab-grown-diamond-ring-lr-0090,,,,,,,Metal,18K Gold,Colour,Rose,,,LR-0090-18K-R,4.65,,,deny,manual,219175,,TRUE,TRUE,,,,,,,,https://raw.githubusercontent.com/reshabhdatta/Velonna/main/products/ladies-rings/LR-0090/LR-0090-R-view1.jpg,g,212791,
lab-grown-diamond-ring-lr-0090,,,,,,,Metal,18K Gold,Colour,White,,,LR-0090-18K-W,4.65,,,deny,manual,219175,,TRUE,TRUE,,,,,,,,https://raw.githubusercontent.com/reshabhdatta/Velonna/main/products/ladies-rings/LR-0090/LR-0090-W-view1.jpg,g,212791,
lab-grown-diamond-ring-lr-0090,,,,,,,Metal,18K Gold,Colour,Yellow,,,LR-0090-18K-Y,4.65,,,deny,manual,219175,,TRUE,TRUE,,,,,,,,https://raw.githubusercontent.com/reshabhdatta/Velonna/main/products/ladies-rings/LR-0090/LR-0090-R-view1.jpg,g,212791,
lab-grown-diamond-ring-lr-0094,Lab-Grown Diamond Ring LR-0094,"<p>A lab-grown diamond ring by Velonna Jewels, reference LR-0094. Total diamond weight is approximately 1.53 ct across 37 stones. Available in 925 silver, 9K, 14K, or 18K gold with rose, white, or yellow metal colour.</p><p>Made to order. Final specifications and lead time are confirmed by our team.</p>",Velonna Jewels,Lab Grown Diamond Ring,"Lab Grown Diamonds, Unisex, Ring",TRUE,Metal,925 Silver,Colour,Rose,,,LR-0094-925-R,2.618,,,deny,manual,71851,,TRUE,TRUE,,https://raw.githubusercontent.com/reshabhdatta/Velonna/main/products/ladies-rings/LR-0094/LR-0094-R-view1.jpg,1,Lab-Grown Diamond Ring LR-0094 in rose metal,FALSE,Lab-Grown Diamond Ring LR-0094,Lab-Grown Diamond Ring LR-0094 with 1.53 ct lab-grown diamonds. Made to order by Velonna Jewels.,https://raw.githubusercontent.com/reshabhdatta/Velonna/main/products/ladies-rings/LR-0094/LR-0094-R-view1.jpg,g,69758,active
lab-grown-diamond-ring-lr-0094,,,,,,,Metal,925 Silver,Colour,White,,,LR-0094-925-W,2.618,,,deny,manual,71851,,TRUE,TRUE,,https://raw.githubusercontent.com/reshabhdatta/Velonna/main/products/ladies-rings/LR-0094/LR-0094-R-view2.jpg,2,Lab-Grown Diamond Ring LR-0094 in white metal,,,,https://raw.githubusercontent.com/reshabhdatta/Velonna/main/products/ladies-rings/LR-0094/LR-0094-W-view1.jpg,g,69758,
lab-grown-diamond-ring-lr-0094,,,,,,,Metal,925 Silver,Colour,Yellow,,,LR-0094-925-Y,2.618,,,deny,manual,71851,,TRUE,TRUE,,https://raw.githubusercontent.com/reshabhdatta/Velonna/main/products/ladies-rings/LR-0094/LR-0094-R-view3.jpg,3,Lab-Grown Diamond Ring LR-0094 in yellow metal,,,,https://raw.githubusercontent.com/reshabhdatta/Velonna/main/products/ladies-rings/LR-0094/LR-0094-Y-view1.jpg,g,69758,
lab-grown-diamond-ring-lr-0094,,,,,,,Metal,9K Gold,Colour,Rose,,,LR-0094-9K-R,2.926,,,deny,manual,89213,,TRUE,TRUE,,https://raw.githubusercontent.com/reshabhdatta/Velonna/main/products/ladies-rings/LR-0094/LR-0094-R-view4.jpg,4,Lab-Grown Diamond Ring LR-0094 in rose metal,,,,https://raw.githubusercontent.com/reshabhdatta/Velonna/main/products/ladies-rings/LR-0094/LR-0094-R-view1.jpg,g,86615,
lab-grown-diamond-ring-lr-0094,,,,,,,Metal,9K Gold,Colour,White,,,LR-0094-9K-W,2.926,,,deny,manual,89213,,TRUE,TRUE,,https://raw.githubusercontent.com/reshabhdatta/Velonna/main/products/ladies-rings/LR-0094/LR-0094-W-view1.jpg,5,Lab-Grown Diamond Ring LR-0094 in white metal,,,,https://raw.githubusercontent.com/reshabhdatta/Velonna/main/products/ladies-rings/LR-0094/LR-0094-W-view1.jpg,g,86615,
lab-grown-diamond-ring-lr-0094,,,,,,,Metal,9K Gold,Colour,Yellow,,,LR-0094-9K-Y,2.926,,,deny,manual,89213,,TRUE,TRUE,,https://raw.githubusercontent.com/reshabhdatta/Velonna/main/products/ladies-rings/LR-0094/LR-0094-W-view2.jpg,6,Lab-Grown Diamond Ring LR-0094 in yellow metal,,,,https://raw.githubusercontent.com/reshabhdatta/Velonna/main/products/ladies-rings/LR-0094/LR-0094-Y-view1.jpg,g,86615,
lab-grown-diamond-ring-lr-0094,,,,,,,Metal,14K Gold,Colour,Rose,,,LR-0094-14K-R,3.2725,,,deny,manual,102769,,TRUE,TRUE,,https://raw.githubusercontent.com/reshabhdatta/Velonna/main/products/ladies-rings/LR-0094/LR-0094-W-view3.jpg,7,Lab-Grown Diamond Ring LR-0094 in rose metal,,,,https://raw.githubusercontent.com/reshabhdatta/Velonna/main/products/ladies-rings/LR-0094/LR-0094-R-view1.jpg,g,99776,
lab-grown-diamond-ring-lr-0094,,,,,,,Metal,14K Gold,Colour,White,,,LR-0094-14K-W,3.2725,,,deny,manual,102769,,TRUE,TRUE,,https://raw.githubusercontent.com/reshabhdatta/Velonna/main/products/ladies-rings/LR-0094/LR-0094-W-view4.jpg,8,Lab-Grown Diamond Ring LR-0094 in white metal,,,,https://raw.githubusercontent.com/reshabhdatta/Velonna/main/products/ladies-rings/LR-0094/LR-0094-W-view1.jpg,g,99776,
lab-grown-diamond-ring-lr-0094,,,,,,,Metal,14K Gold,Colour,Yellow,,,LR-0094-14K-Y,3.2725,,,deny,manual,102769,,TRUE,TRUE,,https://raw.githubusercontent.com/reshabhdatta/Velonna/main/products/ladies-rings/LR-0094/LR-0094-Y-view1.jpg,9,Lab-Grown Diamond Ring LR-0094 in yellow metal,,,,https://raw.githubusercontent.com/reshabhdatta/Velonna/main/products/ladies-rings/LR-0094/LR-0094-Y-view1.jpg,g,99776,
lab-grown-diamond-ring-lr-0094,,,,,,,Metal,18K Gold,Colour,Rose,,,LR-0094-18K-R,3.85,,,deny,manual,119430,,TRUE,TRUE,,https://raw.githubusercontent.com/reshabhdatta/Velonna/main/products/ladies-rings/LR-0094/LR-0094-Y-view2.jpg,10,Lab-Grown Diamond Ring LR-0094 in rose metal,,,,https://raw.githubusercontent.com/reshabhdatta/Velonna/main/products/ladies-rings/LR-0094/LR-0094-R-view1.jpg,g,115951,
lab-grown-diamond-ring-lr-0094,,,,,,,Metal,18K Gold,Colour,White,,,LR-0094-18K-W,3.85,,,deny,manual,119430,,TRUE,TRUE,,https://raw.githubusercontent.com/reshabhdatta/Velonna/main/products/ladies-rings/LR-0094/LR-0094-Y-view3.jpg,11,Lab-Grown Diamond Ring LR-0094 in white metal,,,,https://raw.githubusercontent.com/reshabhdatta/Velonna/main/products/ladies-rings/LR-0094/LR-0094-W-view1.jpg,g,115951,
lab-grown-diamond-ring-lr-0094,,,,,,,Metal,18K Gold,Colour,Yellow,,,LR-0094-18K-Y,3.85,,,deny,manual,119430,,TRUE,TRUE,,https://raw.githubusercontent.com/reshabhdatta/Velonna/main/products/ladies-rings/LR-0094/LR-0094-Y-view4.jpg,12,Lab-Grown Diamond Ring LR-0094 in yellow metal,,,,https://raw.githubusercontent.com/reshabhdatta/Velonna/main/products/ladies-rings/LR-0094/LR-0094-Y-view1.jpg,g,115951,
lab-grown-diamond-ring-lr-0095,Lab-Grown Diamond Ring LR-0095,"<p>A lab-grown diamond ring by Velonna Jewels, reference LR-0095. Total diamond weight is approximately 1.324 ct across 19 stones. Available in 925 silver, 9K, 14K, or 18K gold with rose, white, or yellow metal colour.</p><p>Made to order. Final specifications and lead time are confirmed by our team.</p>",Velonna Jewels,Lab Grown Diamond Ring,"Lab Grown Diamonds, Unisex, Ring",TRUE,Metal,925 Silver,Colour,Rose,,,LR-0095-925-R,2.38,,,deny,manual,62424,,TRUE,TRUE,,https://raw.githubusercontent.com/reshabhdatta/Velonna/main/products/ladies-rings/LR-0095/LR-0095-R-view1.jpg,1,Lab-Grown Diamond Ring LR-0095 in rose metal,FALSE,Lab-Grown Diamond Ring LR-0095,Lab-Grown Diamond Ring LR-0095 with 1.324 ct lab-grown diamonds. Made to order by Velonna Jewels.,https://raw.githubusercontent.com/reshabhdatta/Velonna/main/products/ladies-rings/LR-0095/LR-0095-R-view1.jpg,g,60606,active
lab-grown-diamond-ring-lr-0095,,,,,,,Metal,925 Silver,Colour,White,,,LR-0095-925-W,2.38,,,deny,manual,62424,,TRUE,TRUE,,https://raw.githubusercontent.com/reshabhdatta/Velonna/main/products/ladies-rings/LR-0095/LR-0095-R-view2.jpg,2,Lab-Grown Diamond Ring LR-0095 in white metal,,,,https://raw.githubusercontent.com/reshabhdatta/Velonna/main/products/ladies-rings/LR-0095/LR-0095-W-view1.jpg,g,60606,
lab-grown-diamond-ring-lr-0095,,,,,,,Metal,925 Silver,Colour,Yellow,,,LR-0095-925-Y,2.38,,,deny,manual,62424,,TRUE,TRUE,,https://raw.githubusercontent.com/reshabhdatta/Velonna/main/products/ladies-rings/LR-0095/LR-0095-R-view3.jpg,3,Lab-Grown Diamond Ring LR-0095 in yellow metal,,,,https://raw.githubusercontent.com/reshabhdatta/Velonna/main/products/ladies-rings/LR-0095/LR-0095-Y-view1.jpg,g,60606,
lab-grown-diamond-ring-lr-0095,,,,,,,Metal,9K Gold,Colour,Rose,,,LR-0095-9K-R,2.66,,,deny,manual,78208,,TRUE,TRUE,,https://raw.githubusercontent.com/reshabhdatta/Velonna/main/products/ladies-rings/LR-0095/LR-0095-R-view4.jpg,4,Lab-Grown Diamond Ring LR-0095 in rose metal,,,,https://raw.githubusercontent.com/reshabhdatta/Velonna/main/products/ladies-rings/LR-0095/LR-0095-R-view1.jpg,g,75930,
lab-grown-diamond-ring-lr-0095,,,,,,,Metal,9K Gold,Colour,White,,,LR-0095-9K-W,2.66,,,deny,manual,78208,,TRUE,TRUE,,https://raw.githubusercontent.com/reshabhdatta/Velonna/main/products/ladies-rings/LR-0095/LR-0095-W-view1.jpg,5,Lab-Grown Diamond Ring LR-0095 in white metal,,,,https://raw.githubusercontent.com/reshabhdatta/Velonna/main/products/ladies-rings/LR-0095/LR-0095-W-view1.jpg,g,75930,
lab-grown-diamond-ring-lr-0095,,,,,,,Metal,9K Gold,Colour,Yellow,,,LR-0095-9K-Y,2.66,,,deny,manual,78208,,TRUE,TRUE,,https://raw.githubusercontent.com/reshabhdatta/Velonna/main/products/ladies-rings/LR-0095/LR-0095-W-view2.jpg,6,Lab-Grown Diamond Ring LR-0095 in yellow metal,,,,https://raw.githubusercontent.com/reshabhdatta/Velonna/main/products/ladies-rings/LR-0095/LR-0095-Y-view1.jpg,g,75930,
lab-grown-diamond-ring-lr-0095,,,,,,,Metal,14K Gold,Colour,Rose,,,LR-0095-14K-R,2.975,,,deny,manual,90533,,TRUE,TRUE,,https://raw.githubusercontent.com/reshabhdatta/Velonna/main/products/ladies-rings/LR-0095/LR-0095-W-view3.jpg,7,Lab-Grown Diamond Ring LR-0095 in rose metal,,,,https://raw.githubusercontent.com/reshabhdatta/Velonna/main/products/ladies-rings/LR-0095/LR-0095-R-view1.jpg,g,87896,
lab-grown-diamond-ring-lr-0095,,,,,,,Metal,14K Gold,Colour,White,,,LR-0095-14K-W,2.975,,,deny,manual,90533,,TRUE,TRUE,,https://raw.githubusercontent.com/reshabhdatta/Velonna/main/products/ladies-rings/LR-0095/LR-0095-W-view4.jpg,8,Lab-Grown Diamond Ring LR-0095 in white metal,,,,https://raw.githubusercontent.com/reshabhdatta/Velonna/main/products/ladies-rings/LR-0095/LR-0095-W-view1.jpg,g,87896,
lab-grown-diamond-ring-lr-0095,,,,,,,Metal,14K Gold,Colour,Yellow,,,LR-0095-14K-Y,2.975,,,deny,manual,90533,,TRUE,TRUE,,https://raw.githubusercontent.com/reshabhdatta/Velonna/main/products/ladies-rings/LR-0095/LR-0095-Y-view1.jpg,9,Lab-Grown Diamond Ring LR-0095 in yellow metal,,,,https://raw.githubusercontent.com/reshabhdatta/Velonna/main/products/ladies-rings/LR-0095/LR-0095-Y-view1.jpg,g,87896,
lab-grown-diamond-ring-lr-0095,,,,,,,Metal,18K Gold,Colour,Rose,,,LR-0095-18K-R,3.5,,,deny,manual,105677,,TRUE,TRUE,,https://raw.githubusercontent.com/reshabhdatta/Velonna/main/products/ladies-rings/LR-0095/LR-0095-Y-view2.jpg,10,Lab-Grown Diamond Ring LR-0095 in rose metal,,,,https://raw.githubusercontent.com/reshabhdatta/Velonna/main/products/ladies-rings/LR-0095/LR-0095-R-view1.jpg,g,102599,
lab-grown-diamond-ring-lr-0095,,,,,,,Metal,18K Gold,Colour,White,,,LR-0095-18K-W,3.5,,,deny,manual,105677,,TRUE,TRUE,,https://raw.githubusercontent.com/reshabhdatta/Velonna/main/products/ladies-rings/LR-0095/LR-0095-Y-view3.jpg,11,Lab-Grown Diamond Ring LR-0095 in white metal,,,,https://raw.githubusercontent.com/reshabhdatta/Velonna/main/products/ladies-rings/LR-0095/LR-0095-W-view1.jpg,g,102599,
lab-grown-diamond-ring-lr-0095,,,,,,,Metal,18K Gold,Colour,Yellow,,,LR-0095-18K-Y,3.5,,,deny,manual,105677,,TRUE,TRUE,,https://raw.githubusercontent.com/reshabhdatta/Velonna/main/products/ladies-rings/LR-0095/LR-0095-Y-view4.jpg,12,Lab-Grown Diamond Ring LR-0095 in yellow metal,,,,https://raw.githubusercontent.com/reshabhdatta/Velonna/main/products/ladies-rings/LR-0095/LR-0095-Y-view1.jpg,g,102599,
lab-grown-diamond-ring-lr-0096,Lab-Grown Diamond Ring LR-0096,"<p>A lab-grown diamond ring by Velonna Jewels, reference LR-0096. Total diamond weight is approximately 1 ct across 1 stone. Available in 925 silver, 9K, 14K, or 18K gold with rose, white, or yellow metal colour.</p><p>Made to order. Final specifications and lead time are confirmed by our team.</p>",Velonna Jewels,Lab Grown Diamond Ring,"Lab Grown Diamonds, Unisex, Ring",TRUE,Metal,925 Silver,Colour,Rose,,,LR-0096-925-R,2.856,,,deny,manual,49438,,TRUE,TRUE,,https://raw.githubusercontent.com/reshabhdatta/Velonna/main/products/ladies-rings/LR-0096/LR-0096-R-view1.jpg,1,Lab-Grown Diamond Ring LR-0096 in rose metal,FALSE,Lab-Grown Diamond Ring LR-0096,Lab-Grown Diamond Ring LR-0096 with 1 ct lab-grown diamonds. Made to order by Velonna Jewels.,https://raw.githubusercontent.com/reshabhdatta/Velonna/main/products/ladies-rings/LR-0096/LR-0096-R-view1.jpg,g,47998,active
lab-grown-diamond-ring-lr-0096,,,,,,,Metal,925 Silver,Colour,White,,,LR-0096-925-W,2.856,,,deny,manual,49438,,TRUE,TRUE,,https://raw.githubusercontent.com/reshabhdatta/Velonna/main/products/ladies-rings/LR-0096/LR-0096-R-view2.jpg,2,Lab-Grown Diamond Ring LR-0096 in white metal,,,,https://raw.githubusercontent.com/reshabhdatta/Velonna/main/products/ladies-rings/LR-0096/LR-0096-W-view1.jpg,g,47998,
lab-grown-diamond-ring-lr-0096,,,,,,,Metal,925 Silver,Colour,Yellow,,,LR-0096-925-Y,2.856,,,deny,manual,49438,,TRUE,TRUE,,https://raw.githubusercontent.com/reshabhdatta/Velonna/main/products/ladies-rings/LR-0096/LR-0096-R-view3.jpg,3,Lab-Grown Diamond Ring LR-0096 in yellow metal,,,,https://raw.githubusercontent.com/reshabhdatta/Velonna/main/products/ladies-rings/LR-0096/LR-0096-Y-view1.jpg,g,47998,
lab-grown-diamond-ring-lr-0096,,,,,,,Metal,9K Gold,Colour,Rose,,,LR-0096-9K-R,3.192,,,deny,manual,68379,,TRUE,TRUE,,https://raw.githubusercontent.com/reshabhdatta/Velonna/main/products/ladies-rings/LR-0096/LR-0096-R-view4.jpg,4,Lab-Grown Diamond Ring LR-0096 in rose metal,,,,https://raw.githubusercontent.com/reshabhdatta/Velonna/main/products/ladies-rings/LR-0096/LR-0096-R-view1.jpg,g,66387,
lab-grown-diamond-ring-lr-0096,,,,,,,Metal,9K Gold,Colour,White,,,LR-0096-9K-W,3.192,,,deny,manual,68379,,TRUE,TRUE,,https://raw.githubusercontent.com/reshabhdatta/Velonna/main/products/ladies-rings/LR-0096/LR-0096-W-view1.jpg,5,Lab-Grown Diamond Ring LR-0096 in white metal,,,,https://raw.githubusercontent.com/reshabhdatta/Velonna/main/products/ladies-rings/LR-0096/LR-0096-W-view1.jpg,g,66387,
lab-grown-diamond-ring-lr-0096,,,,,,,Metal,9K Gold,Colour,Yellow,,,LR-0096-9K-Y,3.192,,,deny,manual,68379,,TRUE,TRUE,,https://raw.githubusercontent.com/reshabhdatta/Velonna/main/products/ladies-rings/LR-0096/LR-0096-W-view2.jpg,6,Lab-Grown Diamond Ring LR-0096 in yellow metal,,,,https://raw.githubusercontent.com/reshabhdatta/Velonna/main/products/ladies-rings/LR-0096/LR-0096-Y-view1.jpg,g,66387,
lab-grown-diamond-ring-lr-0096,,,,,,,Metal,14K Gold,Colour,Rose,,,LR-0096-14K-R,3.57,,,deny,manual,83168,,TRUE,TRUE,,https://raw.githubusercontent.com/reshabhdatta/Velonna/main/products/ladies-rings/LR-0096/LR-0096-W-view3.jpg,7,Lab-Grown Diamond Ring LR-0096 in rose metal,,,,https://raw.githubusercontent.com/reshabhdatta/Velonna/main/products/ladies-rings/LR-0096/LR-0096-R-view1.jpg,g,80746,
lab-grown-diamond-ring-lr-0096,,,,,,,Metal,14K Gold,Colour,White,,,LR-0096-14K-W,3.57,,,deny,manual,83168,,TRUE,TRUE,,https://raw.githubusercontent.com/reshabhdatta/Velonna/main/products/ladies-rings/LR-0096/LR-0096-W-view4.jpg,8,Lab-Grown Diamond Ring LR-0096 in white metal,,,,https://raw.githubusercontent.com/reshabhdatta/Velonna/main/products/ladies-rings/LR-0096/LR-0096-W-view1.jpg,g,80746,
lab-grown-diamond-ring-lr-0096,,,,,,,Metal,14K Gold,Colour,Yellow,,,LR-0096-14K-Y,3.57,,,deny,manual,83168,,TRUE,TRUE,,https://raw.githubusercontent.com/reshabhdatta/Velonna/main/products/ladies-rings/LR-0096/LR-0096-Y-view1.jpg,9,Lab-Grown Diamond Ring LR-0096 in yellow metal,,,,https://raw.githubusercontent.com/reshabhdatta/Velonna/main/products/ladies-rings/LR-0096/LR-0096-Y-view1.jpg,g,80746,
lab-grown-diamond-ring-lr-0096,,,,,,,Metal,18K Gold,Colour,Rose,,,LR-0096-18K-R,4.2,,,deny,manual,101341,,TRUE,TRUE,,https://raw.githubusercontent.com/reshabhdatta/Velonna/main/products/ladies-rings/LR-0096/LR-0096-Y-view2.jpg,10,Lab-Grown Diamond Ring LR-0096 in rose metal,,,,https://raw.githubusercontent.com/reshabhdatta/Velonna/main/products/ladies-rings/LR-0096/LR-0096-R-view1.jpg,g,98389,
lab-grown-diamond-ring-lr-0096,,,,,,,Metal,18K Gold,Colour,White,,,LR-0096-18K-W,4.2,,,deny,manual,101341,,TRUE,TRUE,,https://raw.githubusercontent.com/reshabhdatta/Velonna/main/products/ladies-rings/LR-0096/LR-0096-Y-view3.jpg,11,Lab-Grown Diamond Ring LR-0096 in white metal,,,,https://raw.githubusercontent.com/reshabhdatta/Velonna/main/products/ladies-rings/LR-0096/LR-0096-W-view1.jpg,g,98389,
lab-grown-diamond-ring-lr-0096,,,,,,,Metal,18K Gold,Colour,Yellow,,,LR-0096-18K-Y,4.2,,,deny,manual,101341,,TRUE,TRUE,,https://raw.githubusercontent.com/reshabhdatta/Velonna/main/products/ladies-rings/LR-0096/LR-0096-Y-view4.jpg,12,Lab-Grown Diamond Ring LR-0096 in yellow metal,,,,https://raw.githubusercontent.com/reshabhdatta/Velonna/main/products/ladies-rings/LR-0096/LR-0096-Y-view1.jpg,g,98389,
lab-grown-diamond-ring-lr-0097,Lab-Grown Diamond Ring LR-0097,"<p>A lab-grown diamond ring by Velonna Jewels, reference LR-0097. Total diamond weight is approximately 1 ct across 1 stone. Available in 925 silver, 9K, 14K, or 18K gold with rose, white, or yellow metal colour.</p><p>Made to order. Final specifications and lead time are confirmed by our team.</p>",Velonna Jewels,Lab Grown Diamond Ring,"Lab Grown Diamonds, Unisex, Ring",TRUE,Metal,925 Silver,Colour,Rose,,,LR-0097-925-R,2.244,,,deny,manual,48113,,TRUE,TRUE,,https://raw.githubusercontent.com/reshabhdatta/Velonna/main/products/ladies-rings/LR-0097/LR-0097-R-view1.jpg,1,Lab-Grown Diamond Ring LR-0097 in rose metal,FALSE,Lab-Grown Diamond Ring LR-0097,Lab-Grown Diamond Ring LR-0097 with 1 ct lab-grown diamonds. Made to order by Velonna Jewels.,https://raw.githubusercontent.com/reshabhdatta/Velonna/main/products/ladies-rings/LR-0097/LR-0097-R-view1.jpg,g,46712,active
lab-grown-diamond-ring-lr-0097,,,,,,,Metal,925 Silver,Colour,White,,,LR-0097-925-W,2.244,,,deny,manual,48113,,TRUE,TRUE,,https://raw.githubusercontent.com/reshabhdatta/Velonna/main/products/ladies-rings/LR-0097/LR-0097-R-view2.jpg,2,Lab-Grown Diamond Ring LR-0097 in white metal,,,,https://raw.githubusercontent.com/reshabhdatta/Velonna/main/products/ladies-rings/LR-0097/LR-0097-W-view1.jpg,g,46712,
lab-grown-diamond-ring-lr-0097,,,,,,,Metal,925 Silver,Colour,Yellow,,,LR-0097-925-Y,2.244,,,deny,manual,48113,,TRUE,TRUE,,https://raw.githubusercontent.com/reshabhdatta/Velonna/main/products/ladies-rings/LR-0097/LR-0097-R-view3.jpg,3,Lab-Grown Diamond Ring LR-0097 in yellow metal,,,,https://raw.githubusercontent.com/reshabhdatta/Velonna/main/products/ladies-rings/LR-0097/LR-0097-Y-view1.jpg,g,46712,
lab-grown-diamond-ring-lr-0097,,,,,,,Metal,9K Gold,Colour,Rose,,,LR-0097-9K-R,2.508,,,deny,manual,62996,,TRUE,TRUE,,https://raw.githubusercontent.com/reshabhdatta/Velonna/main/products/ladies-rings/LR-0097/LR-0097-R-view4.jpg,4,Lab-Grown Diamond Ring LR-0097 in rose metal,,,,https://raw.githubusercontent.com/reshabhdatta/Velonna/main/products/ladies-rings/LR-0097/LR-0097-R-view1.jpg,g,61161,
lab-grown-diamond-ring-lr-0097,,,,,,,Metal,9K Gold,Colour,White,,,LR-0097-9K-W,2.508,,,deny,manual,62996,,TRUE,TRUE,,https://raw.githubusercontent.com/reshabhdatta/Velonna/main/products/ladies-rings/LR-0097/LR-0097-W-view1.jpg,5,Lab-Grown Diamond Ring LR-0097 in white metal,,,,https://raw.githubusercontent.com/reshabhdatta/Velonna/main/products/ladies-rings/LR-0097/LR-0097-W-view1.jpg,g,61161,
lab-grown-diamond-ring-lr-0097,,,,,,,Metal,9K Gold,Colour,Yellow,,,LR-0097-9K-Y,2.508,,,deny,manual,62996,,TRUE,TRUE,,https://raw.githubusercontent.com/reshabhdatta/Velonna/main/products/ladies-rings/LR-0097/LR-0097-W-view2.jpg,6,Lab-Grown Diamond Ring LR-0097 in yellow metal,,,,https://raw.githubusercontent.com/reshabhdatta/Velonna/main/products/ladies-rings/LR-0097/LR-0097-Y-view1.jpg,g,61161,
lab-grown-diamond-ring-lr-0097,,,,,,,Metal,14K Gold,Colour,Rose,,,LR-0097-14K-R,2.805,,,deny,manual,74615,,TRUE,TRUE,,https://raw.githubusercontent.com/reshabhdatta/Velonna/main/products/ladies-rings/LR-0097/LR-0097-W-view3.jpg,7,Lab-Grown Diamond Ring LR-0097 in rose metal,,,,https://raw.githubusercontent.com/reshabhdatta/Velonna/main/products/ladies-rings/LR-0097/LR-0097-R-view1.jpg,g,72442,
lab-grown-diamond-ring-lr-0097,,,,,,,Metal,14K Gold,Colour,White,,,LR-0097-14K-W,2.805,,,deny,manual,74615,,TRUE,TRUE,,https://raw.githubusercontent.com/reshabhdatta/Velonna/main/products/ladies-rings/LR-0097/LR-0097-W-view4.jpg,8,Lab-Grown Diamond Ring LR-0097 in white metal,,,,https://raw.githubusercontent.com/reshabhdatta/Velonna/main/products/ladies-rings/LR-0097/LR-0097-W-view1.jpg,g,72442,
lab-grown-diamond-ring-lr-0097,,,,,,,Metal,14K Gold,Colour,Yellow,,,LR-0097-14K-Y,2.805,,,deny,manual,74615,,TRUE,TRUE,,https://raw.githubusercontent.com/reshabhdatta/Velonna/main/products/ladies-rings/LR-0097/LR-0097-Y-view1.jpg,9,Lab-Grown Diamond Ring LR-0097 in yellow metal,,,,https://raw.githubusercontent.com/reshabhdatta/Velonna/main/products/ladies-rings/LR-0097/LR-0097-Y-view1.jpg,g,72442,
lab-grown-diamond-ring-lr-0097,,,,,,,Metal,18K Gold,Colour,Rose,,,LR-0097-18K-R,3.3,,,deny,manual,88895,,TRUE,TRUE,,https://raw.githubusercontent.com/reshabhdatta/Velonna/main/products/ladies-rings/LR-0097/LR-0097-Y-view2.jpg,10,Lab-Grown Diamond Ring LR-0097 in rose metal,,,,https://raw.githubusercontent.com/reshabhdatta/Velonna/main/products/ladies-rings/LR-0097/LR-0097-R-view1.jpg,g,86306,
lab-grown-diamond-ring-lr-0097,,,,,,,Metal,18K Gold,Colour,White,,,LR-0097-18K-W,3.3,,,deny,manual,88895,,TRUE,TRUE,,https://raw.githubusercontent.com/reshabhdatta/Velonna/main/products/ladies-rings/LR-0097/LR-0097-Y-view3.jpg,11,Lab-Grown Diamond Ring LR-0097 in white metal,,,,https://raw.githubusercontent.com/reshabhdatta/Velonna/main/products/ladies-rings/LR-0097/LR-0097-W-view1.jpg,g,86306,
lab-grown-diamond-ring-lr-0097,,,,,,,Metal,18K Gold,Colour,Yellow,,,LR-0097-18K-Y,3.3,,,deny,manual,88895,,TRUE,TRUE,,https://raw.githubusercontent.com/reshabhdatta/Velonna/main/products/ladies-rings/LR-0097/LR-0097-Y-view4.jpg,12,Lab-Grown Diamond Ring LR-0097 in yellow metal,,,,https://raw.githubusercontent.com/reshabhdatta/Velonna/main/products/ladies-rings/LR-0097/LR-0097-Y-view1.jpg,g,86306,
lab-grown-diamond-ring-lr-0111,Lab-Grown Diamond Ring LR-0111,"<p>A lab-grown diamond ring by Velonna Jewels, reference LR-0111. Total diamond weight is approximately 1 ct across 1 stone. Available in 925 silver, 9K, 14K, or 18K gold with rose, white, or yellow metal colour.</p><p>Made to order. Final specifications and lead time are confirmed by our team.</p>",Velonna Jewels,Lab Grown Diamond Ring,"Lab Grown Diamonds, Unisex, Ring",TRUE,Metal,925 Silver,Colour,Rose,,,LR-0111-925-R,3.094,,,deny,manual,49953,,TRUE,TRUE,,https://raw.githubusercontent.com/reshabhdatta/Velonna/main/products/ladies-rings/LR-0111/LR-0111-R-view1.jpg,1,Lab-Grown Diamond Ring LR-0111 in rose metal,FALSE,Lab-Grown Diamond Ring LR-0111,Lab-Grown Diamond Ring LR-0111 with 1 ct lab-grown diamonds. Made to order by Velonna Jewels.,https://raw.githubusercontent.com/reshabhdatta/Velonna/main/products/ladies-rings/LR-0111/LR-0111-R-view1.jpg,g,48498,active
lab-grown-diamond-ring-lr-0111,,,,,,,Metal,925 Silver,Colour,White,,,LR-0111-925-W,3.094,,,deny,manual,49953,,TRUE,TRUE,,https://raw.githubusercontent.com/reshabhdatta/Velonna/main/products/ladies-rings/LR-0111/LR-0111-R-view2.jpg,2,Lab-Grown Diamond Ring LR-0111 in white metal,,,,https://raw.githubusercontent.com/reshabhdatta/Velonna/main/products/ladies-rings/LR-0111/LR-0111-W-view1.jpg,g,48498,
lab-grown-diamond-ring-lr-0111,,,,,,,Metal,925 Silver,Colour,Yellow,,,LR-0111-925-Y,3.094,,,deny,manual,49953,,TRUE,TRUE,,https://raw.githubusercontent.com/reshabhdatta/Velonna/main/products/ladies-rings/LR-0111/LR-0111-R-view3.jpg,3,Lab-Grown Diamond Ring LR-0111 in yellow metal,,,,https://raw.githubusercontent.com/reshabhdatta/Velonna/main/products/ladies-rings/LR-0111/LR-0111-Y-view1.jpg,g,48498,
lab-grown-diamond-ring-lr-0111,,,,,,,Metal,9K Gold,Colour,Rose,,,LR-0111-9K-R,3.458,,,deny,manual,70472,,TRUE,TRUE,,https://raw.githubusercontent.com/reshabhdatta/Velonna/main/products/ladies-rings/LR-0111/LR-0111-R-view4.jpg,4,Lab-Grown Diamond Ring LR-0111 in rose metal,,,,https://raw.githubusercontent.com/reshabhdatta/Velonna/main/products/ladies-rings/LR-0111/LR-0111-R-view1.jpg,g,68419,
lab-grown-diamond-ring-lr-0111,,,,,,,Metal,9K Gold,Colour,White,,,LR-0111-9K-W,3.458,,,deny,manual,70472,,TRUE,TRUE,,https://raw.githubusercontent.com/reshabhdatta/Velonna/main/products/ladies-rings/LR-0111/LR-0111-W-view1.jpg,5,Lab-Grown Diamond Ring LR-0111 in white metal,,,,https://raw.githubusercontent.com/reshabhdatta/Velonna/main/products/ladies-rings/LR-0111/LR-0111-W-view1.jpg,g,68419,
lab-grown-diamond-ring-lr-0111,,,,,,,Metal,9K Gold,Colour,Yellow,,,LR-0111-9K-Y,3.458,,,deny,manual,70472,,TRUE,TRUE,,https://raw.githubusercontent.com/reshabhdatta/Velonna/main/products/ladies-rings/LR-0111/LR-0111-W-view2.jpg,6,Lab-Grown Diamond Ring LR-0111 in yellow metal,,,,https://raw.githubusercontent.com/reshabhdatta/Velonna/main/products/ladies-rings/LR-0111/LR-0111-Y-view1.jpg,g,68419,
lab-grown-diamond-ring-lr-0111,,,,,,,Metal,14K Gold,Colour,Rose,,,LR-0111-14K-R,3.8675,,,deny,manual,86493,,TRUE,TRUE,,https://raw.githubusercontent.com/reshabhdatta/Velonna/main/products/ladies-rings/LR-0111/LR-0111-W-view3.jpg,7,Lab-Grown Diamond Ring LR-0111 in rose metal,,,,https://raw.githubusercontent.com/reshabhdatta/Velonna/main/products/ladies-rings/LR-0111/LR-0111-R-view1.jpg,g,83974,
lab-grown-diamond-ring-lr-0111,,,,,,,Metal,14K Gold,Colour,White,,,LR-0111-14K-W,3.8675,,,deny,manual,86493,,TRUE,TRUE,,https://raw.githubusercontent.com/reshabhdatta/Velonna/main/products/ladies-rings/LR-0111/LR-0111-W-view4.jpg,8,Lab-Grown Diamond Ring LR-0111 in white metal,,,,https://raw.githubusercontent.com/reshabhdatta/Velonna/main/products/ladies-rings/LR-0111/LR-0111-W-view1.jpg,g,83974,
lab-grown-diamond-ring-lr-0111,,,,,,,Metal,14K Gold,Colour,Yellow,,,LR-0111-14K-Y,3.8675,,,deny,manual,86493,,TRUE,TRUE,,https://raw.githubusercontent.com/reshabhdatta/Velonna/main/products/ladies-rings/LR-0111/LR-0111-Y-view1.jpg,9,Lab-Grown Diamond Ring LR-0111 in yellow metal,,,,https://raw.githubusercontent.com/reshabhdatta/Velonna/main/products/ladies-rings/LR-0111/LR-0111-Y-view1.jpg,g,83974,
lab-grown-diamond-ring-lr-0111,,,,,,,Metal,18K Gold,Colour,Rose,,,LR-0111-18K-R,4.55,,,deny,manual,106182,,TRUE,TRUE,,https://raw.githubusercontent.com/reshabhdatta/Velonna/main/products/ladies-rings/LR-0111/LR-0111-Y-view2.jpg,10,Lab-Grown Diamond Ring LR-0111 in rose metal,,,,https://raw.githubusercontent.com/reshabhdatta/Velonna/main/products/ladies-rings/LR-0111/LR-0111-R-view1.jpg,g,103089,
lab-grown-diamond-ring-lr-0111,,,,,,,Metal,18K Gold,Colour,White,,,LR-0111-18K-W,4.55,,,deny,manual,106182,,TRUE,TRUE,,https://raw.githubusercontent.com/reshabhdatta/Velonna/main/products/ladies-rings/LR-0111/LR-0111-Y-view3.jpg,11,Lab-Grown Diamond Ring LR-0111 in white metal,,,,https://raw.githubusercontent.com/reshabhdatta/Velonna/main/products/ladies-rings/LR-0111/LR-0111-W-view1.jpg,g,103089,
lab-grown-diamond-ring-lr-0111,,,,,,,Metal,18K Gold,Colour,Yellow,,,LR-0111-18K-Y,4.55,,,deny,manual,106182,,TRUE,TRUE,,https://raw.githubusercontent.com/reshabhdatta/Velonna/main/products/ladies-rings/LR-0111/LR-0111-Y-view4.jpg,12,Lab-Grown Diamond Ring LR-0111 in yellow metal,,,,https://raw.githubusercontent.com/reshabhdatta/Velonna/main/products/ladies-rings/LR-0111/LR-0111-Y-view1.jpg,g,103089,
lab-grown-diamond-ring-lr-0112,Lab-Grown Diamond Ring LR-0112,"<p>A lab-grown diamond ring by Velonna Jewels, reference LR-0112. Total diamond weight is approximately 1.116 ct across 15 stones. Available in 925 silver, 9K, 14K, or 18K gold with rose, white, or yellow metal colour.</p><p>Made to order. Final specifications and lead time are confirmed by our team.</p>",Velonna Jewels,Lab Grown Diamond Ring,"Lab Grown Diamonds, Unisex, Ring",TRUE,Metal,925 Silver,Colour,Rose,,,LR-0112-925-R,3.774,,,deny,manual,56442,,TRUE,TRUE,,https://raw.githubusercontent.com/reshabhdatta/Velonna/main/products/ladies-rings/LR-0112/LR-0112-R-view1.jpg,1,Lab-Grown Diamond Ring LR-0112 in rose metal,FALSE,Lab-Grown Diamond Ring LR-0112,Lab-Grown Diamond Ring LR-0112 with 1.116 ct lab-grown diamonds. Made to order by Velonna Jewels.,https://raw.githubusercontent.com/reshabhdatta/Velonna/main/products/ladies-rings/LR-0112/LR-0112-R-view1.jpg,g,54798,active
lab-grown-diamond-ring-lr-0112,,,,,,,Metal,925 Silver,Colour,White,,,LR-0112-925-W,3.774,,,deny,manual,56442,,TRUE,TRUE,,https://raw.githubusercontent.com/reshabhdatta/Velonna/main/products/ladies-rings/LR-0112/LR-0112-R-view2.jpg,2,Lab-Grown Diamond Ring LR-0112 in white metal,,,,https://raw.githubusercontent.com/reshabhdatta/Velonna/main/products/ladies-rings/LR-0112/LR-0112-W-view1.jpg,g,54798,
lab-grown-diamond-ring-lr-0112,,,,,,,Metal,925 Silver,Colour,Yellow,,,LR-0112-925-Y,3.774,,,deny,manual,56442,,TRUE,TRUE,,https://raw.githubusercontent.com/reshabhdatta/Velonna/main/products/ladies-rings/LR-0112/LR-0112-R-view3.jpg,3,Lab-Grown Diamond Ring LR-0112 in yellow metal,,,,https://raw.githubusercontent.com/reshabhdatta/Velonna/main/products/ladies-rings/LR-0112/LR-0112-Y-view1.jpg,g,54798,
lab-grown-diamond-ring-lr-0112,,,,,,,Metal,9K Gold,Colour,Rose,,,LR-0112-9K-R,4.218,,,deny,manual,81470,,TRUE,TRUE,,https://raw.githubusercontent.com/reshabhdatta/Velonna/main/products/ladies-rings/LR-0112/LR-0112-R-view4.jpg,4,Lab-Grown Diamond Ring LR-0112 in rose metal,,,,https://raw.githubusercontent.com/reshabhdatta/Velonna/main/products/ladies-rings/LR-0112/LR-0112-R-view1.jpg,g,79097,
lab-grown-diamond-ring-lr-0112,,,,,,,Metal,9K Gold,Colour,White,,,LR-0112-9K-W,4.218,,,deny,manual,81470,,TRUE,TRUE,,https://raw.githubusercontent.com/reshabhdatta/Velonna/main/products/ladies-rings/LR-0112/LR-0112-W-view1.jpg,5,Lab-Grown Diamond Ring LR-0112 in white metal,,,,https://raw.githubusercontent.com/reshabhdatta/Velonna/main/products/ladies-rings/LR-0112/LR-0112-W-view1.jpg,g,79097,
lab-grown-diamond-ring-lr-0112,,,,,,,Metal,9K Gold,Colour,Yellow,,,LR-0112-9K-Y,4.218,,,deny,manual,81470,,TRUE,TRUE,,https://raw.githubusercontent.com/reshabhdatta/Velonna/main/products/ladies-rings/LR-0112/LR-0112-W-view2.jpg,6,Lab-Grown Diamond Ring LR-0112 in yellow metal,,,,https://raw.githubusercontent.com/reshabhdatta/Velonna/main/products/ladies-rings/LR-0112/LR-0112-Y-view1.jpg,g,79097,
lab-grown-diamond-ring-lr-0112,,,,,,,Metal,14K Gold,Colour,Rose,,,LR-0112-14K-R,4.7175,,,deny,manual,101013,,TRUE,TRUE,,https://raw.githubusercontent.com/reshabhdatta/Velonna/main/products/ladies-rings/LR-0112/LR-0112-W-view3.jpg,7,Lab-Grown Diamond Ring LR-0112 in rose metal,,,,https://raw.githubusercontent.com/reshabhdatta/Velonna/main/products/ladies-rings/LR-0112/LR-0112-R-view1.jpg,g,98071,
lab-grown-diamond-ring-lr-0112,,,,,,,Metal,14K Gold,Colour,White,,,LR-0112-14K-W,4.7175,,,deny,manual,101013,,TRUE,TRUE,,https://raw.githubusercontent.com/reshabhdatta/Velonna/main/products/ladies-rings/LR-0112/LR-0112-W-view4.jpg,8,Lab-Grown Diamond Ring LR-0112 in white metal,,,,https://raw.githubusercontent.com/reshabhdatta/Velonna/main/products/ladies-rings/LR-0112/LR-0112-W-view1.jpg,g,98071,
lab-grown-diamond-ring-lr-0112,,,,,,,Metal,14K Gold,Colour,Yellow,,,LR-0112-14K-Y,4.7175,,,deny,manual,101013,,TRUE,TRUE,,https://raw.githubusercontent.com/reshabhdatta/Velonna/main/products/ladies-rings/LR-0112/LR-0112-Y-view1.jpg,9,Lab-Grown Diamond Ring LR-0112 in yellow metal,,,,https://raw.githubusercontent.com/reshabhdatta/Velonna/main/products/ladies-rings/LR-0112/LR-0112-Y-view1.jpg,g,98071,
lab-grown-diamond-ring-lr-0112,,,,,,,Metal,18K Gold,Colour,Rose,,,LR-0112-18K-R,5.55,,,deny,manual,125029,,TRUE,TRUE,,https://raw.githubusercontent.com/reshabhdatta/Velonna/main/products/ladies-rings/LR-0112/LR-0112-Y-view2.jpg,10,Lab-Grown Diamond Ring LR-0112 in rose metal,,,,https://raw.githubusercontent.com/reshabhdatta/Velonna/main/products/ladies-rings/LR-0112/LR-0112-R-view1.jpg,g,121387,
lab-grown-diamond-ring-lr-0112,,,,,,,Metal,18K Gold,Colour,White,,,LR-0112-18K-W,5.55,,,deny,manual,125029,,TRUE,TRUE,,https://raw.githubusercontent.com/reshabhdatta/Velonna/main/products/ladies-rings/LR-0112/LR-0112-Y-view3.jpg,11,Lab-Grown Diamond Ring LR-0112 in white metal,,,,https://raw.githubusercontent.com/reshabhdatta/Velonna/main/products/ladies-rings/LR-0112/LR-0112-W-view1.jpg,g,121387,
lab-grown-diamond-ring-lr-0112,,,,,,,Metal,18K Gold,Colour,Yellow,,,LR-0112-18K-Y,5.55,,,deny,manual,125029,,TRUE,TRUE,,https://raw.githubusercontent.com/reshabhdatta/Velonna/main/products/ladies-rings/LR-0112/LR-0112-Y-view4.jpg,12,Lab-Grown Diamond Ring LR-0112 in yellow metal,,,,https://raw.githubusercontent.com/reshabhdatta/Velonna/main/products/ladies-rings/LR-0112/LR-0112-Y-view1.jpg,g,121387,
lab-grown-diamond-ring-lr-0113,Lab-Grown Diamond Ring LR-0113,"<p>A lab-grown diamond ring by Velonna Jewels, reference LR-0113. Total diamond weight is approximately 1.54 ct across 13 stones. Available in 925 silver, 9K, 14K, or 18K gold with rose, white, or yellow metal colour.</p><p>Made to order. Final specifications and lead time are confirmed by our team.</p>",Velonna Jewels,Lab Grown Diamond Ring,"Lab Grown Diamonds, Unisex, Ring",TRUE,Metal,925 Silver,Colour,Rose,,,LR-0113-925-R,2.176,,,deny,manual,71328,,TRUE,TRUE,,https://raw.githubusercontent.com/reshabhdatta/Velonna/main/products/ladies-rings/LR-0113/LR-0113-R-view1.jpg,1,Lab-Grown Diamond Ring LR-0113 in rose metal,FALSE,Lab-Grown Diamond Ring LR-0113,Lab-Grown Diamond Ring LR-0113 with 1.54 ct lab-grown diamonds. Made to order by Velonna Jewels.,https://raw.githubusercontent.com/reshabhdatta/Velonna/main/products/ladies-rings/LR-0113/LR-0113-R-view1.jpg,g,69250,active
lab-grown-diamond-ring-lr-0113,,,,,,,Metal,925 Silver,Colour,White,,,LR-0113-925-W,2.176,,,deny,manual,71328,,TRUE,TRUE,,https://raw.githubusercontent.com/reshabhdatta/Velonna/main/products/ladies-rings/LR-0113/LR-0113-R-view2.jpg,2,Lab-Grown Diamond Ring LR-0113 in white metal,,,,https://raw.githubusercontent.com/reshabhdatta/Velonna/main/products/ladies-rings/LR-0113/LR-0113-W-view1.jpg,g,69250,
lab-grown-diamond-ring-lr-0113,,,,,,,Metal,925 Silver,Colour,Yellow,,,LR-0113-925-Y,2.176,,,deny,manual,71328,,TRUE,TRUE,,https://raw.githubusercontent.com/reshabhdatta/Velonna/main/products/ladies-rings/LR-0113/LR-0113-R-view3.jpg,3,Lab-Grown Diamond Ring LR-0113 in yellow metal,,,,https://raw.githubusercontent.com/reshabhdatta/Velonna/main/products/ladies-rings/LR-0113/LR-0113-Y-view1.jpg,g,69250,
lab-grown-diamond-ring-lr-0113,,,,,,,Metal,9K Gold,Colour,Rose,,,LR-0113-9K-R,2.432,,,deny,manual,85758,,TRUE,TRUE,,https://raw.githubusercontent.com/reshabhdatta/Velonna/main/products/ladies-rings/LR-0113/LR-0113-R-view4.jpg,4,Lab-Grown Diamond Ring LR-0113 in rose metal,,,,https://raw.githubusercontent.com/reshabhdatta/Velonna/main/products/ladies-rings/LR-0113/LR-0113-R-view1.jpg,g,83260,
lab-grown-diamond-ring-lr-0113,,,,,,,Metal,9K Gold,Colour,White,,,LR-0113-9K-W,2.432,,,deny,manual,85758,,TRUE,TRUE,,https://raw.githubusercontent.com/reshabhdatta/Velonna/main/products/ladies-rings/LR-0113/LR-0113-W-view1.jpg,5,Lab-Grown Diamond Ring LR-0113 in white metal,,,,https://raw.githubusercontent.com/reshabhdatta/Velonna/main/products/ladies-rings/LR-0113/LR-0113-W-view1.jpg,g,83260,
lab-grown-diamond-ring-lr-0113,,,,,,,Metal,9K Gold,Colour,Yellow,,,LR-0113-9K-Y,2.432,,,deny,manual,85758,,TRUE,TRUE,,https://raw.githubusercontent.com/reshabhdatta/Velonna/main/products/ladies-rings/LR-0113/LR-0113-W-view2.jpg,6,Lab-Grown Diamond Ring LR-0113 in yellow metal,,,,https://raw.githubusercontent.com/reshabhdatta/Velonna/main/products/ladies-rings/LR-0113/LR-0113-Y-view1.jpg,g,83260,
lab-grown-diamond-ring-lr-0113,,,,,,,Metal,14K Gold,Colour,Rose,,,LR-0113-14K-R,2.72,,,deny,manual,97026,,TRUE,TRUE,,https://raw.githubusercontent.com/reshabhdatta/Velonna/main/products/ladies-rings/LR-0113/LR-0113-W-view3.jpg,7,Lab-Grown Diamond Ring LR-0113 in rose metal,,,,https://raw.githubusercontent.com/reshabhdatta/Velonna/main/products/ladies-rings/LR-0113/LR-0113-R-view1.jpg,g,94200,
lab-grown-diamond-ring-lr-0113,,,,,,,Metal,14K Gold,Colour,White,,,LR-0113-14K-W,2.72,,,deny,manual,97026,,TRUE,TRUE,,https://raw.githubusercontent.com/reshabhdatta/Velonna/main/products/ladies-rings/LR-0113/LR-0113-W-view4.jpg,8,Lab-Grown Diamond Ring LR-0113 in white metal,,,,https://raw.githubusercontent.com/reshabhdatta/Velonna/main/products/ladies-rings/LR-0113/LR-0113-W-view1.jpg,g,94200,
lab-grown-diamond-ring-lr-0113,,,,,,,Metal,14K Gold,Colour,Yellow,,,LR-0113-14K-Y,2.72,,,deny,manual,97026,,TRUE,TRUE,,https://raw.githubusercontent.com/reshabhdatta/Velonna/main/products/ladies-rings/LR-0113/LR-0113-Y-view1.jpg,9,Lab-Grown Diamond Ring LR-0113 in yellow metal,,,,https://raw.githubusercontent.com/reshabhdatta/Velonna/main/products/ladies-rings/LR-0113/LR-0113-Y-view1.jpg,g,94200,
lab-grown-diamond-ring-lr-0113,,,,,,,Metal,18K Gold,Colour,Rose,,,LR-0113-18K-R,3.2,,,deny,manual,110872,,TRUE,TRUE,,https://raw.githubusercontent.com/reshabhdatta/Velonna/main/products/ladies-rings/LR-0113/LR-0113-Y-view2.jpg,10,Lab-Grown Diamond Ring LR-0113 in rose metal,,,,https://raw.githubusercontent.com/reshabhdatta/Velonna/main/products/ladies-rings/LR-0113/LR-0113-R-view1.jpg,g,107643,
lab-grown-diamond-ring-lr-0113,,,,,,,Metal,18K Gold,Colour,White,,,LR-0113-18K-W,3.2,,,deny,manual,110872,,TRUE,TRUE,,https://raw.githubusercontent.com/reshabhdatta/Velonna/main/products/ladies-rings/LR-0113/LR-0113-Y-view3.jpg,11,Lab-Grown Diamond Ring LR-0113 in white metal,,,,https://raw.githubusercontent.com/reshabhdatta/Velonna/main/products/ladies-rings/LR-0113/LR-0113-W-view1.jpg,g,107643,
lab-grown-diamond-ring-lr-0113,,,,,,,Metal,18K Gold,Colour,Yellow,,,LR-0113-18K-Y,3.2,,,deny,manual,110872,,TRUE,TRUE,,https://raw.githubusercontent.com/reshabhdatta/Velonna/main/products/ladies-rings/LR-0113/LR-0113-Y-view4.jpg,12,Lab-Grown Diamond Ring LR-0113 in yellow metal,,,,https://raw.githubusercontent.com/reshabhdatta/Velonna/main/products/ladies-rings/LR-0113/LR-0113-Y-view1.jpg,g,107643,
lab-grown-diamond-ring-lr-0154,Lab-Grown Diamond Ring LR-0154,"<p>A lab-grown diamond ring by Velonna Jewels, reference LR-0154. Total diamond weight is approximately 1.25 ct across 1 stone. Available in 925 silver, 9K, 14K, or 18K gold with rose, white, or yellow metal colour.</p><p>Made to order. Final specifications and lead time are confirmed by our team.</p>",Velonna Jewels,Lab Grown Diamond Ring,"Lab Grown Diamonds, Unisex, Ring",TRUE,Metal,925 Silver,Colour,Rose,,,LR-0154-925-R,3.808,,,deny,manual,62312,,TRUE,TRUE,,https://raw.githubusercontent.com/reshabhdatta/Velonna/main/products/ladies-rings/LR-0154/LR-0154-R-view1.jpg,1,Lab-Grown Diamond Ring LR-0154 in rose metal,FALSE,Lab-Grown Diamond Ring LR-0154,Lab-Grown Diamond Ring LR-0154 with 1.25 ct lab-grown diamonds. Made to order by Velonna Jewels.,https://raw.githubusercontent.com/reshabhdatta/Velonna/main/products/ladies-rings/LR-0154/LR-0154-R-view1.jpg,g,60497,active
lab-grown-diamond-ring-lr-0154,,,,,,,Metal,925 Silver,Colour,White,,,LR-0154-925-W,3.808,,,deny,manual,62312,,TRUE,TRUE,,https://raw.githubusercontent.com/reshabhdatta/Velonna/main/products/ladies-rings/LR-0154/LR-0154-R-view2.jpg,2,Lab-Grown Diamond Ring LR-0154 in white metal,,,,https://raw.githubusercontent.com/reshabhdatta/Velonna/main/products/ladies-rings/LR-0154/LR-0154-W-view1.jpg,g,60497,
lab-grown-diamond-ring-lr-0154,,,,,,,Metal,925 Silver,Colour,Yellow,,,LR-0154-925-Y,3.808,,,deny,manual,62312,,TRUE,TRUE,,https://raw.githubusercontent.com/reshabhdatta/Velonna/main/products/ladies-rings/LR-0154/LR-0154-R-view3.jpg,3,Lab-Grown Diamond Ring LR-0154 in yellow metal,,,,https://raw.githubusercontent.com/reshabhdatta/Velonna/main/products/ladies-rings/LR-0154/LR-0154-Y-view1.jpg,g,60497,
lab-grown-diamond-ring-lr-0154,,,,,,,Metal,9K Gold,Colour,Rose,,,LR-0154-9K-R,4.256,,,deny,manual,87566,,TRUE,TRUE,,https://raw.githubusercontent.com/reshabhdatta/Velonna/main/products/ladies-rings/LR-0154/LR-0154-R-view4.jpg,4,Lab-Grown Diamond Ring LR-0154 in rose metal,,,,https://raw.githubusercontent.com/reshabhdatta/Velonna/main/products/ladies-rings/LR-0154/LR-0154-R-view1.jpg,g,85016,
lab-grown-diamond-ring-lr-0154,,,,,,,Metal,9K Gold,Colour,White,,,LR-0154-9K-W,4.256,,,deny,manual,87566,,TRUE,TRUE,,https://raw.githubusercontent.com/reshabhdatta/Velonna/main/products/ladies-rings/LR-0154/LR-0154-W-view1.jpg,5,Lab-Grown Diamond Ring LR-0154 in white metal,,,,https://raw.githubusercontent.com/reshabhdatta/Velonna/main/products/ladies-rings/LR-0154/LR-0154-W-view1.jpg,g,85016,
lab-grown-diamond-ring-lr-0154,,,,,,,Metal,9K Gold,Colour,Yellow,,,LR-0154-9K-Y,4.256,,,deny,manual,87566,,TRUE,TRUE,,https://raw.githubusercontent.com/reshabhdatta/Velonna/main/products/ladies-rings/LR-0154/LR-0154-W-view2.jpg,6,Lab-Grown Diamond Ring LR-0154 in yellow metal,,,,https://raw.githubusercontent.com/reshabhdatta/Velonna/main/products/ladies-rings/LR-0154/LR-0154-Y-view1.jpg,g,85016,
lab-grown-diamond-ring-lr-0154,,,,,,,Metal,14K Gold,Colour,Rose,,,LR-0154-14K-R,4.76,,,deny,manual,107285,,TRUE,TRUE,,https://raw.githubusercontent.com/reshabhdatta/Velonna/main/products/ladies-rings/LR-0154/LR-0154-W-view3.jpg,7,Lab-Grown Diamond Ring LR-0154 in rose metal,,,,https://raw.githubusercontent.com/reshabhdatta/Velonna/main/products/ladies-rings/LR-0154/LR-0154-R-view1.jpg,g,104160,
lab-grown-diamond-ring-lr-0154,,,,,,,Metal,14K Gold,Colour,White,,,LR-0154-14K-W,4.76,,,deny,manual,107285,,TRUE,TRUE,,https://raw.githubusercontent.com/reshabhdatta/Velonna/main/products/ladies-rings/LR-0154/LR-0154-W-view4.jpg,8,Lab-Grown Diamond Ring LR-0154 in white metal,,,,https://raw.githubusercontent.com/reshabhdatta/Velonna/main/products/ladies-rings/LR-0154/LR-0154-W-view1.jpg,g,104160,
lab-grown-diamond-ring-lr-0154,,,,,,,Metal,14K Gold,Colour,Yellow,,,LR-0154-14K-Y,4.76,,,deny,manual,107285,,TRUE,TRUE,,https://raw.githubusercontent.com/reshabhdatta/Velonna/main/products/ladies-rings/LR-0154/LR-0154-Y-view1.jpg,9,Lab-Grown Diamond Ring LR-0154 in yellow metal,,,,https://raw.githubusercontent.com/reshabhdatta/Velonna/main/products/ladies-rings/LR-0154/LR-0154-Y-view1.jpg,g,104160,
lab-grown-diamond-ring-lr-0154,,,,,,,Metal,18K Gold,Colour,Rose,,,LR-0154-18K-R,5.6,,,deny,manual,131517,,TRUE,TRUE,,https://raw.githubusercontent.com/reshabhdatta/Velonna/main/products/ladies-rings/LR-0154/LR-0154-Y-view2.jpg,10,Lab-Grown Diamond Ring LR-0154 in rose metal,,,,https://raw.githubusercontent.com/reshabhdatta/Velonna/main/products/ladies-rings/LR-0154/LR-0154-R-view1.jpg,g,127686,
lab-grown-diamond-ring-lr-0154,,,,,,,Metal,18K Gold,Colour,White,,,LR-0154-18K-W,5.6,,,deny,manual,131517,,TRUE,TRUE,,https://raw.githubusercontent.com/reshabhdatta/Velonna/main/products/ladies-rings/LR-0154/LR-0154-Y-view3.jpg,11,Lab-Grown Diamond Ring LR-0154 in white metal,,,,https://raw.githubusercontent.com/reshabhdatta/Velonna/main/products/ladies-rings/LR-0154/LR-0154-W-view1.jpg,g,127686,
lab-grown-diamond-ring-lr-0154,,,,,,,Metal,18K Gold,Colour,Yellow,,,LR-0154-18K-Y,5.6,,,deny,manual,131517,,TRUE,TRUE,,https://raw.githubusercontent.com/reshabhdatta/Velonna/main/products/ladies-rings/LR-0154/LR-0154-Y-view4.jpg,12,Lab-Grown Diamond Ring LR-0154 in yellow metal,,,,https://raw.githubusercontent.com/reshabhdatta/Velonna/main/products/ladies-rings/LR-0154/LR-0154-Y-view1.jpg,g,127686,
lab-grown-diamond-ring-lr-0171,Lab-Grown Diamond Ring LR-0171,"<p>A lab-grown diamond ring by Velonna Jewels, reference LR-0171. Total diamond weight is approximately 2.15 ct across 11 stones. Available in 925 silver, 9K, 14K, or 18K gold with rose, white, or yellow metal colour.</p><p>Made to order. Final specifications and lead time are confirmed by our team.</p>",Velonna Jewels,Lab Grown Diamond Ring,"Lab Grown Diamonds, Unisex, Ring",TRUE,Metal,925 Silver,Colour,Rose,,,LR-0171-925-R,2.312,,,deny,manual,98010,,TRUE,TRUE,,https://raw.githubusercontent.com/reshabhdatta/Velonna/main/products/ladies-rings/LR-0171/LR-0171-R-view1.jpg,1,Lab-Grown Diamond Ring LR-0171 in rose metal,FALSE,Lab-Grown Diamond Ring LR-0171,Lab-Grown Diamond Ring LR-0171 with 2.15 ct lab-grown diamonds. Made to order by Velonna Jewels.,https://raw.githubusercontent.com/reshabhdatta/Velonna/main/products/ladies-rings/LR-0171/LR-0171-R-view1.jpg,g,95155,active
lab-grown-diamond-ring-lr-0171,,,,,,,Metal,925 Silver,Colour,White,,,LR-0171-925-W,2.312,,,deny,manual,98010,,TRUE,TRUE,,https://raw.githubusercontent.com/reshabhdatta/Velonna/main/products/ladies-rings/LR-0171/LR-0171-R-view2.jpg,2,Lab-Grown Diamond Ring LR-0171 in white metal,,,,https://raw.githubusercontent.com/reshabhdatta/Velonna/main/products/ladies-rings/LR-0171/LR-0171-W-view1.jpg,g,95155,
lab-grown-diamond-ring-lr-0171,,,,,,,Metal,925 Silver,Colour,Yellow,,,LR-0171-925-Y,2.312,,,deny,manual,98010,,TRUE,TRUE,,https://raw.githubusercontent.com/reshabhdatta/Velonna/main/products/ladies-rings/LR-0171/LR-0171-R-view3.jpg,3,Lab-Grown Diamond Ring LR-0171 in yellow metal,,,,https://raw.githubusercontent.com/reshabhdatta/Velonna/main/products/ladies-rings/LR-0171/LR-0171-Y-view1.jpg,g,95155,
lab-grown-diamond-ring-lr-0171,,,,,,,Metal,9K Gold,Colour,Rose,,,LR-0171-9K-R,2.584,,,deny,manual,113342,,TRUE,TRUE,,https://raw.githubusercontent.com/reshabhdatta/Velonna/main/products/ladies-rings/LR-0171/LR-0171-R-view4.jpg,4,Lab-Grown Diamond Ring LR-0171 in rose metal,,,,https://raw.githubusercontent.com/reshabhdatta/Velonna/main/products/ladies-rings/LR-0171/LR-0171-R-view1.jpg,g,110041,
lab-grown-diamond-ring-lr-0171,,,,,,,Metal,9K Gold,Colour,White,,,LR-0171-9K-W,2.584,,,deny,manual,113342,,TRUE,TRUE,,https://raw.githubusercontent.com/reshabhdatta/Velonna/main/products/ladies-rings/LR-0171/LR-0171-W-view1.jpg,5,Lab-Grown Diamond Ring LR-0171 in white metal,,,,https://raw.githubusercontent.com/reshabhdatta/Velonna/main/products/ladies-rings/LR-0171/LR-0171-W-view1.jpg,g,110041,
lab-grown-diamond-ring-lr-0171,,,,,,,Metal,9K Gold,Colour,Yellow,,,LR-0171-9K-Y,2.584,,,deny,manual,113342,,TRUE,TRUE,,https://raw.githubusercontent.com/reshabhdatta/Velonna/main/products/ladies-rings/LR-0171/LR-0171-W-view2.jpg,6,Lab-Grown Diamond Ring LR-0171 in yellow metal,,,,https://raw.githubusercontent.com/reshabhdatta/Velonna/main/products/ladies-rings/LR-0171/LR-0171-Y-view1.jpg,g,110041,
lab-grown-diamond-ring-lr-0171,,,,,,,Metal,14K Gold,Colour,Rose,,,LR-0171-14K-R,2.89,,,deny,manual,125316,,TRUE,TRUE,,https://raw.githubusercontent.com/reshabhdatta/Velonna/main/products/ladies-rings/LR-0171/LR-0171-W-view3.jpg,7,Lab-Grown Diamond Ring LR-0171 in rose metal,,,,https://raw.githubusercontent.com/reshabhdatta/Velonna/main/products/ladies-rings/LR-0171/LR-0171-R-view1.jpg,g,121666,
lab-grown-diamond-ring-lr-0171,,,,,,,Metal,14K Gold,Colour,White,,,LR-0171-14K-W,2.89,,,deny,manual,125316,,TRUE,TRUE,,https://raw.githubusercontent.com/reshabhdatta/Velonna/main/products/ladies-rings/LR-0171/LR-0171-W-view4.jpg,8,Lab-Grown Diamond Ring LR-0171 in white metal,,,,https://raw.githubusercontent.com/reshabhdatta/Velonna/main/products/ladies-rings/LR-0171/LR-0171-W-view1.jpg,g,121666,
lab-grown-diamond-ring-lr-0171,,,,,,,Metal,14K Gold,Colour,Yellow,,,LR-0171-14K-Y,2.89,,,deny,manual,125316,,TRUE,TRUE,,https://raw.githubusercontent.com/reshabhdatta/Velonna/main/products/ladies-rings/LR-0171/LR-0171-Y-view1.jpg,9,Lab-Grown Diamond Ring LR-0171 in yellow metal,,,,https://raw.githubusercontent.com/reshabhdatta/Velonna/main/products/ladies-rings/LR-0171/LR-0171-Y-view1.jpg,g,121666,
lab-grown-diamond-ring-lr-0171,,,,,,,Metal,18K Gold,Colour,Rose,,,LR-0171-18K-R,3.4,,,deny,manual,140026,,TRUE,TRUE,,https://raw.githubusercontent.com/reshabhdatta/Velonna/main/products/ladies-rings/LR-0171/LR-0171-Y-view2.jpg,10,Lab-Grown Diamond Ring LR-0171 in rose metal,,,,https://raw.githubusercontent.com/reshabhdatta/Velonna/main/products/ladies-rings/LR-0171/LR-0171-R-view1.jpg,g,135948,
lab-grown-diamond-ring-lr-0171,,,,,,,Metal,18K Gold,Colour,White,,,LR-0171-18K-W,3.4,,,deny,manual,140026,,TRUE,TRUE,,https://raw.githubusercontent.com/reshabhdatta/Velonna/main/products/ladies-rings/LR-0171/LR-0171-Y-view3.jpg,11,Lab-Grown Diamond Ring LR-0171 in white metal,,,,https://raw.githubusercontent.com/reshabhdatta/Velonna/main/products/ladies-rings/LR-0171/LR-0171-W-view1.jpg,g,135948,
lab-grown-diamond-ring-lr-0171,,,,,,,Metal,18K Gold,Colour,Yellow,,,LR-0171-18K-Y,3.4,,,deny,manual,140026,,TRUE,TRUE,,https://raw.githubusercontent.com/reshabhdatta/Velonna/main/products/ladies-rings/LR-0171/LR-0171-Y-view4.jpg,12,Lab-Grown Diamond Ring LR-0171 in yellow metal,,,,https://raw.githubusercontent.com/reshabhdatta/Velonna/main/products/ladies-rings/LR-0171/LR-0171-Y-view1.jpg,g,135948,
lab-grown-diamond-ring-lr-0172,Lab-Grown Diamond Ring LR-0172,"<p>A lab-grown diamond ring by Velonna Jewels, reference LR-0172. Total diamond weight is approximately 2.468 ct across 43 stones. Available in 925 silver, 9K, 14K, or 18K gold with rose, white, or yellow metal colour.</p><p>Made to order. Final specifications and lead time are confirmed by our team.</p>",Velonna Jewels,Lab Grown Diamond Ring,"Lab Grown Diamonds, Unisex, Ring",TRUE,Metal,925 Silver,Colour,Rose,,,LR-0172-925-R,2.414,,,deny,manual,111988,,TRUE,TRUE,,https://raw.githubusercontent.com/reshabhdatta/Velonna/main/products/ladies-rings/LR-0172/LR-0172-R-view1.jpg,1,Lab-Grown Diamond Ring LR-0172 in rose metal,FALSE,Lab-Grown Diamond Ring LR-0172,Lab-Grown Diamond Ring LR-0172 with 2.468 ct lab-grown diamonds. Made to order by Velonna Jewels.,https://raw.githubusercontent.com/reshabhdatta/Velonna/main/products/ladies-rings/LR-0172/LR-0172-R-view1.jpg,g,108726,active
lab-grown-diamond-ring-lr-0172,,,,,,,Metal,925 Silver,Colour,White,,,LR-0172-925-W,2.414,,,deny,manual,111988,,TRUE,TRUE,,https://raw.githubusercontent.com/reshabhdatta/Velonna/main/products/ladies-rings/LR-0172/LR-0172-R-view2.jpg,2,Lab-Grown Diamond Ring LR-0172 in white metal,,,,https://raw.githubusercontent.com/reshabhdatta/Velonna/main/products/ladies-rings/LR-0172/LR-0172-W-view1.jpg,g,108726,
lab-grown-diamond-ring-lr-0172,,,,,,,Metal,925 Silver,Colour,Yellow,,,LR-0172-925-Y,2.414,,,deny,manual,111988,,TRUE,TRUE,,https://raw.githubusercontent.com/reshabhdatta/Velonna/main/products/ladies-rings/LR-0172/LR-0172-R-view3.jpg,3,Lab-Grown Diamond Ring LR-0172 in yellow metal,,,,https://raw.githubusercontent.com/reshabhdatta/Velonna/main/products/ladies-rings/LR-0172/LR-0172-Y-view1.jpg,g,108726,
lab-grown-diamond-ring-lr-0172,,,,,,,Metal,9K Gold,Colour,Rose,,,LR-0172-9K-R,2.698,,,deny,manual,127996,,TRUE,TRUE,,https://raw.githubusercontent.com/reshabhdatta/Velonna/main/products/ladies-rings/LR-0172/LR-0172-R-view4.jpg,4,Lab-Grown Diamond Ring LR-0172 in rose metal,,,,https://raw.githubusercontent.com/reshabhdatta/Velonna/main/products/ladies-rings/LR-0172/LR-0172-R-view1.jpg,g,124268,
lab-grown-diamond-ring-lr-0172,,,,,,,Metal,9K Gold,Colour,White,,,LR-0172-9K-W,2.698,,,deny,manual,127996,,TRUE,TRUE,,https://raw.githubusercontent.com/reshabhdatta/Velonna/main/products/ladies-rings/LR-0172/LR-0172-W-view1.jpg,5,Lab-Grown Diamond Ring LR-0172 in white metal,,,,https://raw.githubusercontent.com/reshabhdatta/Velonna/main/products/ladies-rings/LR-0172/LR-0172-W-view1.jpg,g,124268,
lab-grown-diamond-ring-lr-0172,,,,,,,Metal,9K Gold,Colour,Yellow,,,LR-0172-9K-Y,2.698,,,deny,manual,127996,,TRUE,TRUE,,https://raw.githubusercontent.com/reshabhdatta/Velonna/main/products/ladies-rings/LR-0172/LR-0172-W-view2.jpg,6,Lab-Grown Diamond Ring LR-0172 in yellow metal,,,,https://raw.githubusercontent.com/reshabhdatta/Velonna/main/products/ladies-rings/LR-0172/LR-0172-Y-view1.jpg,g,124268,
lab-grown-diamond-ring-lr-0172,,,,,,,Metal,14K Gold,Colour,Rose,,,LR-0172-14K-R,3.0175,,,deny,manual,140497,,TRUE,TRUE,,https://raw.githubusercontent.com/reshabhdatta/Velonna/main/products/ladies-rings/LR-0172/LR-0172-W-view3.jpg,7,Lab-Grown Diamond Ring LR-0172 in rose metal,,,,https://raw.githubusercontent.com/reshabhdatta/Velonna/main/products/ladies-rings/LR-0172/LR-0172-R-view1.jpg,g,136405,
lab-grown-diamond-ring-lr-0172,,,,,,,Metal,14K Gold,Colour,White,,,LR-0172-14K-W,3.0175,,,deny,manual,140497,,TRUE,TRUE,,https://raw.githubusercontent.com/reshabhdatta/Velonna/main/products/ladies-rings/LR-0172/LR-0172-W-view4.jpg,8,Lab-Grown Diamond Ring LR-0172 in white metal,,,,https://raw.githubusercontent.com/reshabhdatta/Velonna/main/products/ladies-rings/LR-0172/LR-0172-W-view1.jpg,g,136405,
lab-grown-diamond-ring-lr-0172,,,,,,,Metal,14K Gold,Colour,Yellow,,,LR-0172-14K-Y,3.0175,,,deny,manual,140497,,TRUE,TRUE,,https://raw.githubusercontent.com/reshabhdatta/Velonna/main/products/ladies-rings/LR-0172/LR-0172-Y-view1.jpg,9,Lab-Grown Diamond Ring LR-0172 in yellow metal,,,,https://raw.githubusercontent.com/reshabhdatta/Velonna/main/products/ladies-rings/LR-0172/LR-0172-Y-view1.jpg,g,136405,
lab-grown-diamond-ring-lr-0172,,,,,,,Metal,18K Gold,Colour,Rose,,,LR-0172-18K-R,3.55,,,deny,manual,155859,,TRUE,TRUE,,https://raw.githubusercontent.com/reshabhdatta/Velonna/main/products/ladies-rings/LR-0172/LR-0172-Y-view2.jpg,10,Lab-Grown Diamond Ring LR-0172 in rose metal,,,,https://raw.githubusercontent.com/reshabhdatta/Velonna/main/products/ladies-rings/LR-0172/LR-0172-R-view1.jpg,g,151319,
lab-grown-diamond-ring-lr-0172,,,,,,,Metal,18K Gold,Colour,White,,,LR-0172-18K-W,3.55,,,deny,manual,155859,,TRUE,TRUE,,https://raw.githubusercontent.com/reshabhdatta/Velonna/main/products/ladies-rings/LR-0172/LR-0172-Y-view3.jpg,11,Lab-Grown Diamond Ring LR-0172 in white metal,,,,https://raw.githubusercontent.com/reshabhdatta/Velonna/main/products/ladies-rings/LR-0172/LR-0172-W-view1.jpg,g,151319,
lab-grown-diamond-ring-lr-0172,,,,,,,Metal,18K Gold,Colour,Yellow,,,LR-0172-18K-Y,3.55,,,deny,manual,155859,,TRUE,TRUE,,https://raw.githubusercontent.com/reshabhdatta/Velonna/main/products/ladies-rings/LR-0172/LR-0172-Y-view4.jpg,12,Lab-Grown Diamond Ring LR-0172 in yellow metal,,,,https://raw.githubusercontent.com/reshabhdatta/Velonna/main/products/ladies-rings/LR-0172/LR-0172-Y-view1.jpg,g,151319,
lab-grown-diamond-ring-lr-0173,Lab-Grown Diamond Ring LR-0173,"<p>A lab-grown diamond ring by Velonna Jewels, reference LR-0173. Total diamond weight is approximately 1.716 ct across 32 stones. Available in 925 silver, 9K, 14K, or 18K gold with rose, white, or yellow metal colour.</p><p>Made to order. Final specifications and lead time are confirmed by our team.</p>",Velonna Jewels,Lab Grown Diamond Ring,"Lab Grown Diamonds, Unisex, Ring",TRUE,Metal,925 Silver,Colour,Rose,,,LR-0173-925-R,2.312,,,deny,manual,79235,,TRUE,TRUE,,https://raw.githubusercontent.com/reshabhdatta/Velonna/main/products/ladies-rings/LR-0173/LR-0173-R-view1.jpg,1,Lab-Grown Diamond Ring LR-0173 in rose metal,FALSE,Lab-Grown Diamond Ring LR-0173,Lab-Grown Diamond Ring LR-0173 with 1.716 ct lab-grown diamonds. Made to order by Velonna Jewels.,https://raw.githubusercontent.com/reshabhdatta/Velonna/main/products/ladies-rings/LR-0173/LR-0173-R-view1.jpg,g,76927,active
lab-grown-diamond-ring-lr-0173,,,,,,,Metal,925 Silver,Colour,White,,,LR-0173-925-W,2.312,,,deny,manual,79235,,TRUE,TRUE,,https://raw.githubusercontent.com/reshabhdatta/Velonna/main/products/ladies-rings/LR-0173/LR-0173-R-view2.jpg,2,Lab-Grown Diamond Ring LR-0173 in white metal,,,,https://raw.githubusercontent.com/reshabhdatta/Velonna/main/products/ladies-rings/LR-0173/LR-0173-W-view1.jpg,g,76927,
lab-grown-diamond-ring-lr-0173,,,,,,,Metal,925 Silver,Colour,Yellow,,,LR-0173-925-Y,2.312,,,deny,manual,79235,,TRUE,TRUE,,https://raw.githubusercontent.com/reshabhdatta/Velonna/main/products/ladies-rings/LR-0173/LR-0173-R-view3.jpg,3,Lab-Grown Diamond Ring LR-0173 in yellow metal,,,,https://raw.githubusercontent.com/reshabhdatta/Velonna/main/products/ladies-rings/LR-0173/LR-0173-Y-view1.jpg,g,76927,
lab-grown-diamond-ring-lr-0173,,,,,,,Metal,9K Gold,Colour,Rose,,,LR-0173-9K-R,2.584,,,deny,manual,94567,,TRUE,TRUE,,https://raw.githubusercontent.com/reshabhdatta/Velonna/main/products/ladies-rings/LR-0173/LR-0173-R-view4.jpg,4,Lab-Grown Diamond Ring LR-0173 in rose metal,,,,https://raw.githubusercontent.com/reshabhdatta/Velonna/main/products/ladies-rings/LR-0173/LR-0173-R-view1.jpg,g,91813,
lab-grown-diamond-ring-lr-0173,,,,,,,Metal,9K Gold,Colour,White,,,LR-0173-9K-W,2.584,,,deny,manual,94567,,TRUE,TRUE,,https://raw.githubusercontent.com/reshabhdatta/Velonna/main/products/ladies-rings/LR-0173/LR-0173-W-view1.jpg,5,Lab-Grown Diamond Ring LR-0173 in white metal,,,,https://raw.githubusercontent.com/reshabhdatta/Velonna/main/products/ladies-rings/LR-0173/LR-0173-W-view1.jpg,g,91813,
lab-grown-diamond-ring-lr-0173,,,,,,,Metal,9K Gold,Colour,Yellow,,,LR-0173-9K-Y,2.584,,,deny,manual,94567,,TRUE,TRUE,,https://raw.githubusercontent.com/reshabhdatta/Velonna/main/products/ladies-rings/LR-0173/LR-0173-W-view2.jpg,6,Lab-Grown Diamond Ring LR-0173 in yellow metal,,,,https://raw.githubusercontent.com/reshabhdatta/Velonna/main/products/ladies-rings/LR-0173/LR-0173-Y-view1.jpg,g,91813,
lab-grown-diamond-ring-lr-0173,,,,,,,Metal,14K Gold,Colour,Rose,,,LR-0173-14K-R,2.89,,,deny,manual,106541,,TRUE,TRUE,,https://raw.githubusercontent.com/reshabhdatta/Velonna/main/products/ladies-rings/LR-0173/LR-0173-W-view3.jpg,7,Lab-Grown Diamond Ring LR-0173 in rose metal,,,,https://raw.githubusercontent.com/reshabhdatta/Velonna/main/products/ladies-rings/LR-0173/LR-0173-R-view1.jpg,g,103438,
lab-grown-diamond-ring-lr-0173,,,,,,,Metal,14K Gold,Colour,White,,,LR-0173-14K-W,2.89,,,deny,manual,106541,,TRUE,TRUE,,https://raw.githubusercontent.com/reshabhdatta/Velonna/main/products/ladies-rings/LR-0173/LR-0173-W-view4.jpg,8,Lab-Grown Diamond Ring LR-0173 in white metal,,,,https://raw.githubusercontent.com/reshabhdatta/Velonna/main/products/ladies-rings/LR-0173/LR-0173-W-view1.jpg,g,103438,
lab-grown-diamond-ring-lr-0173,,,,,,,Metal,14K Gold,Colour,Yellow,,,LR-0173-14K-Y,2.89,,,deny,manual,106541,,TRUE,TRUE,,https://raw.githubusercontent.com/reshabhdatta/Velonna/main/products/ladies-rings/LR-0173/LR-0173-Y-view1.jpg,9,Lab-Grown Diamond Ring LR-0173 in yellow metal,,,,https://raw.githubusercontent.com/reshabhdatta/Velonna/main/products/ladies-rings/LR-0173/LR-0173-Y-view1.jpg,g,103438,
lab-grown-diamond-ring-lr-0173,,,,,,,Metal,18K Gold,Colour,Rose,,,LR-0173-18K-R,3.4,,,deny,manual,121252,,TRUE,TRUE,,https://raw.githubusercontent.com/reshabhdatta/Velonna/main/products/ladies-rings/LR-0173/LR-0173-Y-view2.jpg,10,Lab-Grown Diamond Ring LR-0173 in rose metal,,,,https://raw.githubusercontent.com/reshabhdatta/Velonna/main/products/ladies-rings/LR-0173/LR-0173-R-view1.jpg,g,117720,
lab-grown-diamond-ring-lr-0173,,,,,,,Metal,18K Gold,Colour,White,,,LR-0173-18K-W,3.4,,,deny,manual,121252,,TRUE,TRUE,,https://raw.githubusercontent.com/reshabhdatta/Velonna/main/products/ladies-rings/LR-0173/LR-0173-Y-view3.jpg,11,Lab-Grown Diamond Ring LR-0173 in white metal,,,,https://raw.githubusercontent.com/reshabhdatta/Velonna/main/products/ladies-rings/LR-0173/LR-0173-W-view1.jpg,g,117720,
lab-grown-diamond-ring-lr-0173,,,,,,,Metal,18K Gold,Colour,Yellow,,,LR-0173-18K-Y,3.4,,,deny,manual,121252,,TRUE,TRUE,,https://raw.githubusercontent.com/reshabhdatta/Velonna/main/products/ladies-rings/LR-0173/LR-0173-Y-view4.jpg,12,Lab-Grown Diamond Ring LR-0173 in yellow metal,,,,https://raw.githubusercontent.com/reshabhdatta/Velonna/main/products/ladies-rings/LR-0173/LR-0173-Y-view1.jpg,g,117720,
lab-grown-diamond-ring-lr-0174,Lab-Grown Diamond Ring LR-0174,"<p>A lab-grown diamond ring by Velonna Jewels, reference LR-0174. Total diamond weight is approximately 0.94 ct across 17 stones. Available in 925 silver, 9K, 14K, or 18K gold with rose, white, or yellow metal colour.</p><p>Made to order. Final specifications and lead time are confirmed by our team.</p>",Velonna Jewels,Lab Grown Diamond Ring,"Lab Grown Diamonds, Unisex, Ring",TRUE,Metal,925 Silver,Colour,Rose,,,LR-0174-925-R,2.278,,,deny,manual,45592,,TRUE,TRUE,,https://raw.githubusercontent.com/reshabhdatta/Velonna/main/products/ladies-rings/LR-0174/LR-0174-R-view1.jpg,1,Lab-Grown Diamond Ring LR-0174 in rose metal,FALSE,Lab-Grown Diamond Ring LR-0174,Lab-Grown Diamond Ring LR-0174 with 0.94 ct lab-grown diamonds. Made to order by Velonna Jewels.,https://raw.githubusercontent.com/reshabhdatta/Velonna/main/products/ladies-rings/LR-0174/LR-0174-R-view1.jpg,g,44264,active
lab-grown-diamond-ring-lr-0174,,,,,,,Metal,925 Silver,Colour,White,,,LR-0174-925-W,2.278,,,deny,manual,45592,,TRUE,TRUE,,https://raw.githubusercontent.com/reshabhdatta/Velonna/main/products/ladies-rings/LR-0174/LR-0174-R-view2.jpg,2,Lab-Grown Diamond Ring LR-0174 in white metal,,,,https://raw.githubusercontent.com/reshabhdatta/Velonna/main/products/ladies-rings/LR-0174/LR-0174-W-view1.jpg,g,44264,
lab-grown-diamond-ring-lr-0174,,,,,,,Metal,925 Silver,Colour,Yellow,,,LR-0174-925-Y,2.278,,,deny,manual,45592,,TRUE,TRUE,,https://raw.githubusercontent.com/reshabhdatta/Velonna/main/products/ladies-rings/LR-0174/LR-0174-W-view1.jpg,3,Lab-Grown Diamond Ring LR-0174 in yellow metal,,,,https://raw.githubusercontent.com/reshabhdatta/Velonna/main/products/ladies-rings/LR-0174/LR-0174-R-view1.jpg,g,44264,
lab-grown-diamond-ring-lr-0174,,,,,,,Metal,9K Gold,Colour,Rose,,,LR-0174-9K-R,2.546,,,deny,manual,60699,,TRUE,TRUE,,,,,,,,https://raw.githubusercontent.com/reshabhdatta/Velonna/main/products/ladies-rings/LR-0174/LR-0174-R-view1.jpg,g,58931,
lab-grown-diamond-ring-lr-0174,,,,,,,Metal,9K Gold,Colour,White,,,LR-0174-9K-W,2.546,,,deny,manual,60699,,TRUE,TRUE,,,,,,,,https://raw.githubusercontent.com/reshabhdatta/Velonna/main/products/ladies-rings/LR-0174/LR-0174-W-view1.jpg,g,58931,
lab-grown-diamond-ring-lr-0174,,,,,,,Metal,9K Gold,Colour,Yellow,,,LR-0174-9K-Y,2.546,,,deny,manual,60699,,TRUE,TRUE,,,,,,,,https://raw.githubusercontent.com/reshabhdatta/Velonna/main/products/ladies-rings/LR-0174/LR-0174-R-view1.jpg,g,58931,
lab-grown-diamond-ring-lr-0174,,,,,,,Metal,14K Gold,Colour,Rose,,,LR-0174-14K-R,2.8475,,,deny,manual,72496,,TRUE,TRUE,,,,,,,,https://raw.githubusercontent.com/reshabhdatta/Velonna/main/products/ladies-rings/LR-0174/LR-0174-R-view1.jpg,g,70384,
lab-grown-diamond-ring-lr-0174,,,,,,,Metal,14K Gold,Colour,White,,,LR-0174-14K-W,2.8475,,,deny,manual,72496,,TRUE,TRUE,,,,,,,,https://raw.githubusercontent.com/reshabhdatta/Velonna/main/products/ladies-rings/LR-0174/LR-0174-W-view1.jpg,g,70384,
lab-grown-diamond-ring-lr-0174,,,,,,,Metal,14K Gold,Colour,Yellow,,,LR-0174-14K-Y,2.8475,,,deny,manual,72496,,TRUE,TRUE,,,,,,,,https://raw.githubusercontent.com/reshabhdatta/Velonna/main/products/ladies-rings/LR-0174/LR-0174-R-view1.jpg,g,70384,
lab-grown-diamond-ring-lr-0174,,,,,,,Metal,18K Gold,Colour,Rose,,,LR-0174-18K-R,3.35,,,deny,manual,86992,,TRUE,TRUE,,,,,,,,https://raw.githubusercontent.com/reshabhdatta/Velonna/main/products/ladies-rings/LR-0174/LR-0174-R-view1.jpg,g,84458,
lab-grown-diamond-ring-lr-0174,,,,,,,Metal,18K Gold,Colour,White,,,LR-0174-18K-W,3.35,,,deny,manual,86992,,TRUE,TRUE,,,,,,,,https://raw.githubusercontent.com/reshabhdatta/Velonna/main/products/ladies-rings/LR-0174/LR-0174-W-view1.jpg,g,84458,
lab-grown-diamond-ring-lr-0174,,,,,,,Metal,18K Gold,Colour,Yellow,,,LR-0174-18K-Y,3.35,,,deny,manual,86992,,TRUE,TRUE,,,,,,,,https://raw.githubusercontent.com/reshabhdatta/Velonna/main/products/ladies-rings/LR-0174/LR-0174-R-view1.jpg,g,84458,
lab-grown-diamond-ring-lr-0175,Lab-Grown Diamond Ring LR-0175,"<p>A lab-grown diamond ring by Velonna Jewels, reference LR-0175. Total diamond weight is approximately 2.44 ct across 33 stones. Available in 925 silver, 9K, 14K, or 18K gold with rose, white, or yellow metal colour.</p><p>Made to order. Final specifications and lead time are confirmed by our team.</p>",Velonna Jewels,Lab Grown Diamond Ring,"Lab Grown Diamonds, Unisex, Ring",TRUE,Metal,925 Silver,Colour,Rose,,,LR-0175-925-R,3.094,,,deny,manual,112247,,TRUE,TRUE,,https://raw.githubusercontent.com/reshabhdatta/Velonna/main/products/ladies-rings/LR-0175/LR-0175-R-view1.jpg,1,Lab-Grown Diamond Ring LR-0175 in rose metal,FALSE,Lab-Grown Diamond Ring LR-0175,Lab-Grown Diamond Ring LR-0175 with 2.44 ct lab-grown diamonds. Made to order by Velonna Jewels.,https://raw.githubusercontent.com/reshabhdatta/Velonna/main/products/ladies-rings/LR-0175/LR-0175-R-view1.jpg,g,108978,active
lab-grown-diamond-ring-lr-0175,,,,,,,Metal,925 Silver,Colour,White,,,LR-0175-925-W,3.094,,,deny,manual,112247,,TRUE,TRUE,,https://raw.githubusercontent.com/reshabhdatta/Velonna/main/products/ladies-rings/LR-0175/LR-0175-R-view2.jpg,2,Lab-Grown Diamond Ring LR-0175 in white metal,,,,https://raw.githubusercontent.com/reshabhdatta/Velonna/main/products/ladies-rings/LR-0175/LR-0175-W-view1.jpg,g,108978,
lab-grown-diamond-ring-lr-0175,,,,,,,Metal,925 Silver,Colour,Yellow,,,LR-0175-925-Y,3.094,,,deny,manual,112247,,TRUE,TRUE,,https://raw.githubusercontent.com/reshabhdatta/Velonna/main/products/ladies-rings/LR-0175/LR-0175-R-view3.jpg,3,Lab-Grown Diamond Ring LR-0175 in yellow metal,,,,https://raw.githubusercontent.com/reshabhdatta/Velonna/main/products/ladies-rings/LR-0175/LR-0175-Y-view1.jpg,g,108978,
lab-grown-diamond-ring-lr-0175,,,,,,,Metal,9K Gold,Colour,Rose,,,LR-0175-9K-R,3.458,,,deny,manual,132766,,TRUE,TRUE,,https://raw.githubusercontent.com/reshabhdatta/Velonna/main/products/ladies-rings/LR-0175/LR-0175-R-view4.jpg,4,Lab-Grown Diamond Ring LR-0175 in rose metal,,,,https://raw.githubusercontent.com/reshabhdatta/Velonna/main/products/ladies-rings/LR-0175/LR-0175-R-view1.jpg,g,128899,
lab-grown-diamond-ring-lr-0175,,,,,,,Metal,9K Gold,Colour,White,,,LR-0175-9K-W,3.458,,,deny,manual,132766,,TRUE,TRUE,,https://raw.githubusercontent.com/reshabhdatta/Velonna/main/products/ladies-rings/LR-0175/LR-0175-W-view1.jpg,5,Lab-Grown Diamond Ring LR-0175 in white metal,,,,https://raw.githubusercontent.com/reshabhdatta/Velonna/main/products/ladies-rings/LR-0175/LR-0175-W-view1.jpg,g,128899,
lab-grown-diamond-ring-lr-0175,,,,,,,Metal,9K Gold,Colour,Yellow,,,LR-0175-9K-Y,3.458,,,deny,manual,132766,,TRUE,TRUE,,https://raw.githubusercontent.com/reshabhdatta/Velonna/main/products/ladies-rings/LR-0175/LR-0175-W-view2.jpg,6,Lab-Grown Diamond Ring LR-0175 in yellow metal,,,,https://raw.githubusercontent.com/reshabhdatta/Velonna/main/products/ladies-rings/LR-0175/LR-0175-Y-view1.jpg,g,128899,
lab-grown-diamond-ring-lr-0175,,,,,,,Metal,14K Gold,Colour,Rose,,,LR-0175-14K-R,3.8675,,,deny,manual,148788,,TRUE,TRUE,,https://raw.githubusercontent.com/reshabhdatta/Velonna/main/products/ladies-rings/LR-0175/LR-0175-W-view3.jpg,7,Lab-Grown Diamond Ring LR-0175 in rose metal,,,,https://raw.githubusercontent.com/reshabhdatta/Velonna/main/products/ladies-rings/LR-0175/LR-0175-R-view1.jpg,g,144454,
lab-grown-diamond-ring-lr-0175,,,,,,,Metal,14K Gold,Colour,White,,,LR-0175-14K-W,3.8675,,,deny,manual,148788,,TRUE,TRUE,,https://raw.githubusercontent.com/reshabhdatta/Velonna/main/products/ladies-rings/LR-0175/LR-0175-W-view4.jpg,8,Lab-Grown Diamond Ring LR-0175 in white metal,,,,https://raw.githubusercontent.com/reshabhdatta/Velonna/main/products/ladies-rings/LR-0175/LR-0175-W-view1.jpg,g,144454,
lab-grown-diamond-ring-lr-0175,,,,,,,Metal,14K Gold,Colour,Yellow,,,LR-0175-14K-Y,3.8675,,,deny,manual,148788,,TRUE,TRUE,,https://raw.githubusercontent.com/reshabhdatta/Velonna/main/products/ladies-rings/LR-0175/LR-0175-Y-view1.jpg,9,Lab-Grown Diamond Ring LR-0175 in yellow metal,,,,https://raw.githubusercontent.com/reshabhdatta/Velonna/main/products/ladies-rings/LR-0175/LR-0175-Y-view1.jpg,g,144454,
lab-grown-diamond-ring-lr-0175,,,,,,,Metal,18K Gold,Colour,Rose,,,LR-0175-18K-R,4.55,,,deny,manual,168476,,TRUE,TRUE,,https://raw.githubusercontent.com/reshabhdatta/Velonna/main/products/ladies-rings/LR-0175/LR-0175-Y-view2.jpg,10,Lab-Grown Diamond Ring LR-0175 in rose metal,,,,https://raw.githubusercontent.com/reshabhdatta/Velonna/main/products/ladies-rings/LR-0175/LR-0175-R-view1.jpg,g,163569,
lab-grown-diamond-ring-lr-0175,,,,,,,Metal,18K Gold,Colour,White,,,LR-0175-18K-W,4.55,,,deny,manual,168476,,TRUE,TRUE,,https://raw.githubusercontent.com/reshabhdatta/Velonna/main/products/ladies-rings/LR-0175/LR-0175-Y-view3.jpg,11,Lab-Grown Diamond Ring LR-0175 in white metal,,,,https://raw.githubusercontent.com/reshabhdatta/Velonna/main/products/ladies-rings/LR-0175/LR-0175-W-view1.jpg,g,163569,
lab-grown-diamond-ring-lr-0175,,,,,,,Metal,18K Gold,Colour,Yellow,,,LR-0175-18K-Y,4.55,,,deny,manual,168476,,TRUE,TRUE,,https://raw.githubusercontent.com/reshabhdatta/Velonna/main/products/ladies-rings/LR-0175/LR-0175-Y-view4.jpg,12,Lab-Grown Diamond Ring LR-0175 in yellow metal,,,,https://raw.githubusercontent.com/reshabhdatta/Velonna/main/products/ladies-rings/LR-0175/LR-0175-Y-view1.jpg,g,163569,
lab-grown-diamond-ring-lr-0176,Lab-Grown Diamond Ring LR-0176,"<p>A lab-grown diamond ring by Velonna Jewels, reference LR-0176. Total diamond weight is approximately 2.03 ct across 51 stones. Available in 925 silver, 9K, 14K, or 18K gold with rose, white, or yellow metal colour.</p><p>Made to order. Final specifications and lead time are confirmed by our team.</p>",Velonna Jewels,Lab Grown Diamond Ring,"Lab Grown Diamonds, Unisex, Ring",TRUE,Metal,925 Silver,Colour,Rose,,,LR-0176-925-R,3.808,,,deny,manual,96055,,TRUE,TRUE,,https://raw.githubusercontent.com/reshabhdatta/Velonna/main/products/ladies-rings/LR-0176/LR-0176-R-view1.jpg,1,Lab-Grown Diamond Ring LR-0176 in rose metal,FALSE,Lab-Grown Diamond Ring LR-0176,Lab-Grown Diamond Ring LR-0176 with 2.03 ct lab-grown diamonds. Made to order by Velonna Jewels.,https://raw.githubusercontent.com/reshabhdatta/Velonna/main/products/ladies-rings/LR-0176/LR-0176-R-view1.jpg,g,93257,active
lab-grown-diamond-ring-lr-0176,,,,,,,Metal,925 Silver,Colour,White,,,LR-0176-925-W,3.808,,,deny,manual,96055,,TRUE,TRUE,,https://raw.githubusercontent.com/reshabhdatta/Velonna/main/products/ladies-rings/LR-0176/LR-0176-R-view2.jpg,2,Lab-Grown Diamond Ring LR-0176 in white metal,,,,https://raw.githubusercontent.com/reshabhdatta/Velonna/main/products/ladies-rings/LR-0176/LR-0176-W-view1.jpg,g,93257,
lab-grown-diamond-ring-lr-0176,,,,,,,Metal,925 Silver,Colour,Yellow,,,LR-0176-925-Y,3.808,,,deny,manual,96055,,TRUE,TRUE,,https://raw.githubusercontent.com/reshabhdatta/Velonna/main/products/ladies-rings/LR-0176/LR-0176-R-view3.jpg,3,Lab-Grown Diamond Ring LR-0176 in yellow metal,,,,https://raw.githubusercontent.com/reshabhdatta/Velonna/main/products/ladies-rings/LR-0176/LR-0176-Y-view1.jpg,g,93257,
lab-grown-diamond-ring-lr-0176,,,,,,,Metal,9K Gold,Colour,Rose,,,LR-0176-9K-R,4.256,,,deny,manual,121309,,TRUE,TRUE,,https://raw.githubusercontent.com/reshabhdatta/Velonna/main/products/ladies-rings/LR-0176/LR-0176-R-view4.jpg,4,Lab-Grown Diamond Ring LR-0176 in rose metal,,,,https://raw.githubusercontent.com/reshabhdatta/Velonna/main/products/ladies-rings/LR-0176/LR-0176-R-view1.jpg,g,117776,
lab-grown-diamond-ring-lr-0176,,,,,,,Metal,9K Gold,Colour,White,,,LR-0176-9K-W,4.256,,,deny,manual,121309,,TRUE,TRUE,,https://raw.githubusercontent.com/reshabhdatta/Velonna/main/products/ladies-rings/LR-0176/LR-0176-W-view1.jpg,5,Lab-Grown Diamond Ring LR-0176 in white metal,,,,https://raw.githubusercontent.com/reshabhdatta/Velonna/main/products/ladies-rings/LR-0176/LR-0176-W-view1.jpg,g,117776,
lab-grown-diamond-ring-lr-0176,,,,,,,Metal,9K Gold,Colour,Yellow,,,LR-0176-9K-Y,4.256,,,deny,manual,121309,,TRUE,TRUE,,https://raw.githubusercontent.com/reshabhdatta/Velonna/main/products/ladies-rings/LR-0176/LR-0176-W-view2.jpg,6,Lab-Grown Diamond Ring LR-0176 in yellow metal,,,,https://raw.githubusercontent.com/reshabhdatta/Velonna/main/products/ladies-rings/LR-0176/LR-0176-Y-view1.jpg,g,117776,
lab-grown-diamond-ring-lr-0176,,,,,,,Metal,14K Gold,Colour,Rose,,,LR-0176-14K-R,4.76,,,deny,manual,141028,,TRUE,TRUE,,https://raw.githubusercontent.com/reshabhdatta/Velonna/main/products/ladies-rings/LR-0176/LR-0176-W-view3.jpg,7,Lab-Grown Diamond Ring LR-0176 in rose metal,,,,https://raw.githubusercontent.com/reshabhdatta/Velonna/main/products/ladies-rings/LR-0176/LR-0176-R-view1.jpg,g,136920,
lab-grown-diamond-ring-lr-0176,,,,,,,Metal,14K Gold,Colour,White,,,LR-0176-14K-W,4.76,,,deny,manual,141028,,TRUE,TRUE,,https://raw.githubusercontent.com/reshabhdatta/Velonna/main/products/ladies-rings/LR-0176/LR-0176-W-view4.jpg,8,Lab-Grown Diamond Ring LR-0176 in white metal,,,,https://raw.githubusercontent.com/reshabhdatta/Velonna/main/products/ladies-rings/LR-0176/LR-0176-W-view1.jpg,g,136920,
lab-grown-diamond-ring-lr-0176,,,,,,,Metal,14K Gold,Colour,Yellow,,,LR-0176-14K-Y,4.76,,,deny,manual,141028,,TRUE,TRUE,,https://raw.githubusercontent.com/reshabhdatta/Velonna/main/products/ladies-rings/LR-0176/LR-0176-Y-view1.jpg,9,Lab-Grown Diamond Ring LR-0176 in yellow metal,,,,https://raw.githubusercontent.com/reshabhdatta/Velonna/main/products/ladies-rings/LR-0176/LR-0176-Y-view1.jpg,g,136920,
lab-grown-diamond-ring-lr-0176,,,,,,,Metal,18K Gold,Colour,Rose,,,LR-0176-18K-R,5.6,,,deny,manual,165259,,TRUE,TRUE,,https://raw.githubusercontent.com/reshabhdatta/Velonna/main/products/ladies-rings/LR-0176/LR-0176-Y-view2.jpg,10,Lab-Grown Diamond Ring LR-0176 in rose metal,,,,https://raw.githubusercontent.com/reshabhdatta/Velonna/main/products/ladies-rings/LR-0176/LR-0176-R-view1.jpg,g,160446,
lab-grown-diamond-ring-lr-0176,,,,,,,Metal,18K Gold,Colour,White,,,LR-0176-18K-W,5.6,,,deny,manual,165259,,TRUE,TRUE,,https://raw.githubusercontent.com/reshabhdatta/Velonna/main/products/ladies-rings/LR-0176/LR-0176-Y-view3.jpg,11,Lab-Grown Diamond Ring LR-0176 in white metal,,,,https://raw.githubusercontent.com/reshabhdatta/Velonna/main/products/ladies-rings/LR-0176/LR-0176-W-view1.jpg,g,160446,
lab-grown-diamond-ring-lr-0176,,,,,,,Metal,18K Gold,Colour,Yellow,,,LR-0176-18K-Y,5.6,,,deny,manual,165259,,TRUE,TRUE,,https://raw.githubusercontent.com/reshabhdatta/Velonna/main/products/ladies-rings/LR-0176/LR-0176-Y-view4.jpg,12,Lab-Grown Diamond Ring LR-0176 in yellow metal,,,,https://raw.githubusercontent.com/reshabhdatta/Velonna/main/products/ladies-rings/LR-0176/LR-0176-Y-view1.jpg,g,160446,
lab-grown-diamond-ring-lr-0206,Lab-Grown Diamond Ring LR-0206,"<p>A lab-grown diamond ring by Velonna Jewels, reference LR-0206. Total diamond weight is approximately 1.4261 ct across 99 stones. Available in 925 silver, 9K, 14K, or 18K gold with rose, white, or yellow metal colour.</p><p>Made to order. Final specifications and lead time are confirmed by our team.</p>",Velonna Jewels,Lab Grown Diamond Ring,"Lab Grown Diamonds, Unisex, Ring",TRUE,Metal,925 Silver,Colour,Rose,,,LR-0206-925-R,2.992,,,deny,manual,68164,,TRUE,TRUE,,https://raw.githubusercontent.com/reshabhdatta/Velonna/main/products/ladies-rings/LR-0206/LR-0206-R-view1.jpg,1,Lab-Grown Diamond Ring LR-0206 in rose metal,FALSE,Lab-Grown Diamond Ring LR-0206,Lab-Grown Diamond Ring LR-0206 with 1.4261 ct lab-grown diamonds. Made to order by Velonna Jewels.,https://raw.githubusercontent.com/reshabhdatta/Velonna/main/products/ladies-rings/LR-0206/LR-0206-R-view1.jpg,g,66179,active
lab-grown-diamond-ring-lr-0206,,,,,,,Metal,925 Silver,Colour,White,,,LR-0206-925-W,2.992,,,deny,manual,68164,,TRUE,TRUE,,https://raw.githubusercontent.com/reshabhdatta/Velonna/main/products/ladies-rings/LR-0206/LR-0206-R-view2.jpg,2,Lab-Grown Diamond Ring LR-0206 in white metal,,,,https://raw.githubusercontent.com/reshabhdatta/Velonna/main/products/ladies-rings/LR-0206/LR-0206-W-view1.jpg,g,66179,
lab-grown-diamond-ring-lr-0206,,,,,,,Metal,925 Silver,Colour,Yellow,,,LR-0206-925-Y,2.992,,,deny,manual,68164,,TRUE,TRUE,,https://raw.githubusercontent.com/reshabhdatta/Velonna/main/products/ladies-rings/LR-0206/LR-0206-R-view3.jpg,3,Lab-Grown Diamond Ring LR-0206 in yellow metal,,,,https://raw.githubusercontent.com/reshabhdatta/Velonna/main/products/ladies-rings/LR-0206/LR-0206-Y-view1.jpg,g,66179,
lab-grown-diamond-ring-lr-0206,,,,,,,Metal,9K Gold,Colour,Rose,,,LR-0206-9K-R,3.344,,,deny,manual,88007,,TRUE,TRUE,,https://raw.githubusercontent.com/reshabhdatta/Velonna/main/products/ladies-rings/LR-0206/LR-0206-R-view4.jpg,4,Lab-Grown Diamond Ring LR-0206 in rose metal,,,,https://raw.githubusercontent.com/reshabhdatta/Velonna/main/products/ladies-rings/LR-0206/LR-0206-R-view1.jpg,g,85444,
lab-grown-diamond-ring-lr-0206,,,,,,,Metal,9K Gold,Colour,White,,,LR-0206-9K-W,3.344,,,deny,manual,88007,,TRUE,TRUE,,https://raw.githubusercontent.com/reshabhdatta/Velonna/main/products/ladies-rings/LR-0206/LR-0206-W-view1.jpg,5,Lab-Grown Diamond Ring LR-0206 in white metal,,,,https://raw.githubusercontent.com/reshabhdatta/Velonna/main/products/ladies-rings/LR-0206/LR-0206-W-view1.jpg,g,85444,
lab-grown-diamond-ring-lr-0206,,,,,,,Metal,9K Gold,Colour,Yellow,,,LR-0206-9K-Y,3.344,,,deny,manual,88007,,TRUE,TRUE,,https://raw.githubusercontent.com/reshabhdatta/Velonna/main/products/ladies-rings/LR-0206/LR-0206-W-view2.jpg,6,Lab-Grown Diamond Ring LR-0206 in yellow metal,,,,https://raw.githubusercontent.com/reshabhdatta/Velonna/main/products/ladies-rings/LR-0206/LR-0206-Y-view1.jpg,g,85444,
lab-grown-diamond-ring-lr-0206,,,,,,,Metal,14K Gold,Colour,Rose,,,LR-0206-14K-R,3.74,,,deny,manual,103501,,TRUE,TRUE,,https://raw.githubusercontent.com/reshabhdatta/Velonna/main/products/ladies-rings/LR-0206/LR-0206-W-view3.jpg,7,Lab-Grown Diamond Ring LR-0206 in rose metal,,,,https://raw.githubusercontent.com/reshabhdatta/Velonna/main/products/ladies-rings/LR-0206/LR-0206-R-view1.jpg,g,100486,
lab-grown-diamond-ring-lr-0206,,,,,,,Metal,14K Gold,Colour,White,,,LR-0206-14K-W,3.74,,,deny,manual,103501,,TRUE,TRUE,,https://raw.githubusercontent.com/reshabhdatta/Velonna/main/products/ladies-rings/LR-0206/LR-0206-W-view4.jpg,8,Lab-Grown Diamond Ring LR-0206 in white metal,,,,https://raw.githubusercontent.com/reshabhdatta/Velonna/main/products/ladies-rings/LR-0206/LR-0206-W-view1.jpg,g,100486,
lab-grown-diamond-ring-lr-0206,,,,,,,Metal,14K Gold,Colour,Yellow,,,LR-0206-14K-Y,3.74,,,deny,manual,103501,,TRUE,TRUE,,https://raw.githubusercontent.com/reshabhdatta/Velonna/main/products/ladies-rings/LR-0206/LR-0206-Y-view1.jpg,9,Lab-Grown Diamond Ring LR-0206 in yellow metal,,,,https://raw.githubusercontent.com/reshabhdatta/Velonna/main/products/ladies-rings/LR-0206/LR-0206-Y-view1.jpg,g,100486,
lab-grown-diamond-ring-lr-0206,,,,,,,Metal,18K Gold,Colour,Rose,,,LR-0206-18K-R,4.4,,,deny,manual,122539,,TRUE,TRUE,,https://raw.githubusercontent.com/reshabhdatta/Velonna/main/products/ladies-rings/LR-0206/LR-0206-Y-view2.jpg,10,Lab-Grown Diamond Ring LR-0206 in rose metal,,,,https://raw.githubusercontent.com/reshabhdatta/Velonna/main/products/ladies-rings/LR-0206/LR-0206-R-view1.jpg,g,118970,
lab-grown-diamond-ring-lr-0206,,,,,,,Metal,18K Gold,Colour,White,,,LR-0206-18K-W,4.4,,,deny,manual,122539,,TRUE,TRUE,,https://raw.githubusercontent.com/reshabhdatta/Velonna/main/products/ladies-rings/LR-0206/LR-0206-Y-view3.jpg,11,Lab-Grown Diamond Ring LR-0206 in white metal,,,,https://raw.githubusercontent.com/reshabhdatta/Velonna/main/products/ladies-rings/LR-0206/LR-0206-W-view1.jpg,g,118970,
lab-grown-diamond-ring-lr-0206,,,,,,,Metal,18K Gold,Colour,Yellow,,,LR-0206-18K-Y,4.4,,,deny,manual,122539,,TRUE,TRUE,,https://raw.githubusercontent.com/reshabhdatta/Velonna/main/products/ladies-rings/LR-0206/LR-0206-Y-view4.jpg,12,Lab-Grown Diamond Ring LR-0206 in yellow metal,,,,https://raw.githubusercontent.com/reshabhdatta/Velonna/main/products/ladies-rings/LR-0206/LR-0206-Y-view1.jpg,g,118970,
lab-grown-diamond-ring-lr-0208,Lab-Grown Diamond Ring LR-0208,"<p>A lab-grown diamond ring by Velonna Jewels, reference LR-0208. Total diamond weight is approximately 0.79 ct across 19 stones. Available in 925 silver, 9K, 14K, or 18K gold with rose, white, or yellow metal colour.</p><p>Made to order. Final specifications and lead time are confirmed by our team.</p>",Velonna Jewels,Lab Grown Diamond Ring,"Lab Grown Diamonds, Unisex, Ring",TRUE,Metal,925 Silver,Colour,Rose,,,LR-0208-925-R,2.72,,,deny,manual,40059,,TRUE,TRUE,,https://raw.githubusercontent.com/reshabhdatta/Velonna/main/products/ladies-rings/LR-0208/LR-0208-R-view1.jpg,1,Lab-Grown Diamond Ring LR-0208 in rose metal,FALSE,Lab-Grown Diamond Ring LR-0208,Lab-Grown Diamond Ring LR-0208 with 0.79 ct lab-grown diamonds. Made to order by Velonna Jewels.,https://raw.githubusercontent.com/reshabhdatta/Velonna/main/products/ladies-rings/LR-0208/LR-0208-R-view1.jpg,g,38892,active
lab-grown-diamond-ring-lr-0208,,,,,,,Metal,925 Silver,Colour,White,,,LR-0208-925-W,2.72,,,deny,manual,40059,,TRUE,TRUE,,https://raw.githubusercontent.com/reshabhdatta/Velonna/main/products/ladies-rings/LR-0208/LR-0208-R-view2.jpg,2,Lab-Grown Diamond Ring LR-0208 in white metal,,,,https://raw.githubusercontent.com/reshabhdatta/Velonna/main/products/ladies-rings/LR-0208/LR-0208-W-view1.jpg,g,38892,
lab-grown-diamond-ring-lr-0208,,,,,,,Metal,925 Silver,Colour,Yellow,,,LR-0208-925-Y,2.72,,,deny,manual,40059,,TRUE,TRUE,,https://raw.githubusercontent.com/reshabhdatta/Velonna/main/products/ladies-rings/LR-0208/LR-0208-R-view3.jpg,3,Lab-Grown Diamond Ring LR-0208 in yellow metal,,,,https://raw.githubusercontent.com/reshabhdatta/Velonna/main/products/ladies-rings/LR-0208/LR-0208-Y-view1.jpg,g,38892,
lab-grown-diamond-ring-lr-0208,,,,,,,Metal,9K Gold,Colour,Rose,,,LR-0208-9K-R,3.04,,,deny,manual,58098,,TRUE,TRUE,,https://raw.githubusercontent.com/reshabhdatta/Velonna/main/products/ladies-rings/LR-0208/LR-0208-R-view4.jpg,4,Lab-Grown Diamond Ring LR-0208 in rose metal,,,,https://raw.githubusercontent.com/reshabhdatta/Velonna/main/products/ladies-rings/LR-0208/LR-0208-R-view1.jpg,g,56406,
lab-grown-diamond-ring-lr-0208,,,,,,,Metal,9K Gold,Colour,White,,,LR-0208-9K-W,3.04,,,deny,manual,58098,,TRUE,TRUE,,https://raw.githubusercontent.com/reshabhdatta/Velonna/main/products/ladies-rings/LR-0208/LR-0208-W-view1.jpg,5,Lab-Grown Diamond Ring LR-0208 in white metal,,,,https://raw.githubusercontent.com/reshabhdatta/Velonna/main/products/ladies-rings/LR-0208/LR-0208-W-view1.jpg,g,56406,
lab-grown-diamond-ring-lr-0208,,,,,,,Metal,9K Gold,Colour,Yellow,,,LR-0208-9K-Y,3.04,,,deny,manual,58098,,TRUE,TRUE,,https://raw.githubusercontent.com/reshabhdatta/Velonna/main/products/ladies-rings/LR-0208/LR-0208-W-view2.jpg,6,Lab-Grown Diamond Ring LR-0208 in yellow metal,,,,https://raw.githubusercontent.com/reshabhdatta/Velonna/main/products/ladies-rings/LR-0208/LR-0208-Y-view1.jpg,g,56406,
lab-grown-diamond-ring-lr-0208,,,,,,,Metal,14K Gold,Colour,Rose,,,LR-0208-14K-R,3.4,,,deny,manual,72182,,TRUE,TRUE,,https://raw.githubusercontent.com/reshabhdatta/Velonna/main/products/ladies-rings/LR-0208/LR-0208-W-view3.jpg,7,Lab-Grown Diamond Ring LR-0208 in rose metal,,,,https://raw.githubusercontent.com/reshabhdatta/Velonna/main/products/ladies-rings/LR-0208/LR-0208-R-view1.jpg,g,70080,
lab-grown-diamond-ring-lr-0208,,,,,,,Metal,14K Gold,Colour,White,,,LR-0208-14K-W,3.4,,,deny,manual,72182,,TRUE,TRUE,,https://raw.githubusercontent.com/reshabhdatta/Velonna/main/products/ladies-rings/LR-0208/LR-0208-W-view4.jpg,8,Lab-Grown Diamond Ring LR-0208 in white metal,,,,https://raw.githubusercontent.com/reshabhdatta/Velonna/main/products/ladies-rings/LR-0208/LR-0208-W-view1.jpg,g,70080,
lab-grown-diamond-ring-lr-0208,,,,,,,Metal,14K Gold,Colour,Yellow,,,LR-0208-14K-Y,3.4,,,deny,manual,72182,,TRUE,TRUE,,https://raw.githubusercontent.com/reshabhdatta/Velonna/main/products/ladies-rings/LR-0208/LR-0208-Y-view1.jpg,9,Lab-Grown Diamond Ring LR-0208 in yellow metal,,,,https://raw.githubusercontent.com/reshabhdatta/Velonna/main/products/ladies-rings/LR-0208/LR-0208-Y-view1.jpg,g,70080,
lab-grown-diamond-ring-lr-0208,,,,,,,Metal,18K Gold,Colour,Rose,,,LR-0208-18K-R,4,,,deny,manual,89491,,TRUE,TRUE,,https://raw.githubusercontent.com/reshabhdatta/Velonna/main/products/ladies-rings/LR-0208/LR-0208-Y-view2.jpg,10,Lab-Grown Diamond Ring LR-0208 in rose metal,,,,https://raw.githubusercontent.com/reshabhdatta/Velonna/main/products/ladies-rings/LR-0208/LR-0208-R-view1.jpg,g,86884,
lab-grown-diamond-ring-lr-0208,,,,,,,Metal,18K Gold,Colour,White,,,LR-0208-18K-W,4,,,deny,manual,89491,,TRUE,TRUE,,https://raw.githubusercontent.com/reshabhdatta/Velonna/main/products/ladies-rings/LR-0208/LR-0208-Y-view3.jpg,11,Lab-Grown Diamond Ring LR-0208 in white metal,,,,https://raw.githubusercontent.com/reshabhdatta/Velonna/main/products/ladies-rings/LR-0208/LR-0208-W-view1.jpg,g,86884,
lab-grown-diamond-ring-lr-0208,,,,,,,Metal,18K Gold,Colour,Yellow,,,LR-0208-18K-Y,4,,,deny,manual,89491,,TRUE,TRUE,,https://raw.githubusercontent.com/reshabhdatta/Velonna/main/products/ladies-rings/LR-0208/LR-0208-Y-view4.jpg,12,Lab-Grown Diamond Ring LR-0208 in yellow metal,,,,https://raw.githubusercontent.com/reshabhdatta/Velonna/main/products/ladies-rings/LR-0208/LR-0208-Y-view1.jpg,g,86884,
lab-grown-diamond-bracelet-glbr-0002,Lab-Grown Diamond Bracelet GLBR-0002,"<p>A lab-grown diamond bracelet by Velonna Jewels, reference GLBR-0002. Total diamond weight is approximately 9.3 ct across 31 stones. Available in 925 silver, 9K, 14K, or 18K gold with rose, white, or yellow metal colour.</p><p>Made to order. Final specifications and lead time are confirmed by our team.</p>",Velonna Jewels,Lab Grown Diamond Bracelet,"Lab Grown Diamonds, Unisex, Bracelet",TRUE,Metal,925 Silver,Colour,Rose,,,GLBR-0002-925-R,11.186,,,deny,manual,426514,,TRUE,TRUE,,https://raw.githubusercontent.com/reshabhdatta/Velonna/main/products/bracelets/GLBR-0002/GLBR-0002-reference.png,1,Lab-Grown Diamond Bracelet GLBR-0002 in rose metal,FALSE,Lab-Grown Diamond Bracelet GLBR-0002,Lab-Grown Diamond Bracelet GLBR-0002 with 9.3 ct lab-grown diamonds. Made to order by Velonna Jewels.,https://raw.githubusercontent.com/reshabhdatta/Velonna/main/products/bracelets/GLBR-0002/GLBR-0002-reference.png,g,414091,active
lab-grown-diamond-bracelet-glbr-0002,,,,,,,Metal,925 Silver,Colour,White,,,GLBR-0002-925-W,11.186,,,deny,manual,426514,,TRUE,TRUE,,,,,,,,https://raw.githubusercontent.com/reshabhdatta/Velonna/main/products/bracelets/GLBR-0002/GLBR-0002-reference.png,g,414091,
lab-grown-diamond-bracelet-glbr-0002,,,,,,,Metal,925 Silver,Colour,Yellow,,,GLBR-0002-925-Y,11.186,,,deny,manual,426514,,TRUE,TRUE,,,,,,,,https://raw.githubusercontent.com/reshabhdatta/Velonna/main/products/bracelets/GLBR-0002/GLBR-0002-reference.png,g,414091,
lab-grown-diamond-bracelet-glbr-0002,,,,,,,Metal,9K Gold,Colour,Rose,,,GLBR-0002-9K-R,12.502,,,deny,manual,500699,,TRUE,TRUE,,,,,,,,https://raw.githubusercontent.com/reshabhdatta/Velonna/main/products/bracelets/GLBR-0002/GLBR-0002-reference.png,g,486116,
lab-grown-diamond-bracelet-glbr-0002,,,,,,,Metal,9K Gold,Colour,White,,,GLBR-0002-9K-W,12.502,,,deny,manual,500699,,TRUE,TRUE,,,,,,,,https://raw.githubusercontent.com/reshabhdatta/Velonna/main/products/bracelets/GLBR-0002/GLBR-0002-reference.png,g,486116,
lab-grown-diamond-bracelet-glbr-0002,,,,,,,Metal,9K Gold,Colour,Yellow,,,GLBR-0002-9K-Y,12.502,,,deny,manual,500699,,TRUE,TRUE,,,,,,,,https://raw.githubusercontent.com/reshabhdatta/Velonna/main/products/bracelets/GLBR-0002/GLBR-0002-reference.png,g,486116,
lab-grown-diamond-bracelet-glbr-0002,,,,,,,Metal,14K Gold,Colour,Rose,,,GLBR-0002-14K-R,13.9825,,,deny,manual,558623,,TRUE,TRUE,,,,,,,,https://raw.githubusercontent.com/reshabhdatta/Velonna/main/products/bracelets/GLBR-0002/GLBR-0002-reference.png,g,542352,
lab-grown-diamond-bracelet-glbr-0002,,,,,,,Metal,14K Gold,Colour,White,,,GLBR-0002-14K-W,13.9825,,,deny,manual,558623,,TRUE,TRUE,,,,,,,,https://raw.githubusercontent.com/reshabhdatta/Velonna/main/products/bracelets/GLBR-0002/GLBR-0002-reference.png,g,542352,
lab-grown-diamond-bracelet-glbr-0002,,,,,,,Metal,14K Gold,Colour,Yellow,,,GLBR-0002-14K-Y,13.9825,,,deny,manual,558623,,TRUE,TRUE,,,,,,,,https://raw.githubusercontent.com/reshabhdatta/Velonna/main/products/bracelets/GLBR-0002/GLBR-0002-reference.png,g,542352,
lab-grown-diamond-bracelet-glbr-0002,,,,,,,Metal,18K Gold,Colour,Rose,,,GLBR-0002-18K-R,16.45,,,deny,manual,629802,,TRUE,TRUE,,,,,,,,https://raw.githubusercontent.com/reshabhdatta/Velonna/main/products/bracelets/GLBR-0002/GLBR-0002-reference.png,g,611458,
lab-grown-diamond-bracelet-glbr-0002,,,,,,,Metal,18K Gold,Colour,White,,,GLBR-0002-18K-W,16.45,,,deny,manual,629802,,TRUE,TRUE,,,,,,,,https://raw.githubusercontent.com/reshabhdatta/Velonna/main/products/bracelets/GLBR-0002/GLBR-0002-reference.png,g,611458,
lab-grown-diamond-bracelet-glbr-0002,,,,,,,Metal,18K Gold,Colour,Yellow,,,GLBR-0002-18K-Y,16.45,,,deny,manual,629802,,TRUE,TRUE,,,,,,,,https://raw.githubusercontent.com/reshabhdatta/Velonna/main/products/bracelets/GLBR-0002/GLBR-0002-reference.png,g,611458,
lab-grown-diamond-bracelet-glbr-0005,Lab-Grown Diamond Bracelet GLBR-0005,"<p>A lab-grown diamond bracelet by Velonna Jewels, reference GLBR-0005. Total diamond weight is approximately 3.465 ct across 21 stones. Available in 925 silver, 9K, 14K, or 18K gold with rose, white, or yellow metal colour.</p><p>Made to order. Final specifications and lead time are confirmed by our team.</p>",Velonna Jewels,Lab Grown Diamond Bracelet,"Lab Grown Diamonds, Unisex, Bracelet",TRUE,Metal,925 Silver,Colour,Rose,,,GLBR-0005-925-R,12.716,,,deny,manual,177401,,TRUE,TRUE,,https://raw.githubusercontent.com/reshabhdatta/Velonna/main/products/bracelets/GLBR-0005/GLBR-0005-reference.png,1,Lab-Grown Diamond Bracelet GLBR-0005 in rose metal,FALSE,Lab-Grown Diamond Bracelet GLBR-0005,Lab-Grown Diamond Bracelet GLBR-0005 with 3.465 ct lab-grown diamonds. Made to order by Velonna Jewels.,https://raw.githubusercontent.com/reshabhdatta/Velonna/main/products/bracelets/GLBR-0005/GLBR-0005-reference.png,g,172234,active
lab-grown-diamond-bracelet-glbr-0005,,,,,,,Metal,925 Silver,Colour,White,,,GLBR-0005-925-W,12.716,,,deny,manual,177401,,TRUE,TRUE,,,,,,,,https://raw.githubusercontent.com/reshabhdatta/Velonna/main/products/bracelets/GLBR-0005/GLBR-0005-reference.png,g,172234,
lab-grown-diamond-bracelet-glbr-0005,,,,,,,Metal,925 Silver,Colour,Yellow,,,GLBR-0005-925-Y,12.716,,,deny,manual,177401,,TRUE,TRUE,,,,,,,,https://raw.githubusercontent.com/reshabhdatta/Velonna/main/products/bracelets/GLBR-0005/GLBR-0005-reference.png,g,172234,
lab-grown-diamond-bracelet-glbr-0005,,,,,,,Metal,9K Gold,Colour,Rose,,,GLBR-0005-9K-R,14.212,,,deny,manual,261732,,TRUE,TRUE,,,,,,,,https://raw.githubusercontent.com/reshabhdatta/Velonna/main/products/bracelets/GLBR-0005/GLBR-0005-reference.png,g,254109,
lab-grown-diamond-bracelet-glbr-0005,,,,,,,Metal,9K Gold,Colour,White,,,GLBR-0005-9K-W,14.212,,,deny,manual,261732,,TRUE,TRUE,,,,,,,,https://raw.githubusercontent.com/reshabhdatta/Velonna/main/products/bracelets/GLBR-0005/GLBR-0005-reference.png,g,254109,
lab-grown-diamond-bracelet-glbr-0005,,,,,,,Metal,9K Gold,Colour,Yellow,,,GLBR-0005-9K-Y,14.212,,,deny,manual,261732,,TRUE,TRUE,,,,,,,,https://raw.githubusercontent.com/reshabhdatta/Velonna/main/products/bracelets/GLBR-0005/GLBR-0005-reference.png,g,254109,
lab-grown-diamond-bracelet-glbr-0005,,,,,,,Metal,14K Gold,Colour,Rose,,,GLBR-0005-14K-R,15.895,,,deny,manual,327580,,TRUE,TRUE,,,,,,,,https://raw.githubusercontent.com/reshabhdatta/Velonna/main/products/bracelets/GLBR-0005/GLBR-0005-reference.png,g,318039,
lab-grown-diamond-bracelet-glbr-0005,,,,,,,Metal,14K Gold,Colour,White,,,GLBR-0005-14K-W,15.895,,,deny,manual,327580,,TRUE,TRUE,,,,,,,,https://raw.githubusercontent.com/reshabhdatta/Velonna/main/products/bracelets/GLBR-0005/GLBR-0005-reference.png,g,318039,
lab-grown-diamond-bracelet-glbr-0005,,,,,,,Metal,14K Gold,Colour,Yellow,,,GLBR-0005-14K-Y,15.895,,,deny,manual,327580,,TRUE,TRUE,,,,,,,,https://raw.githubusercontent.com/reshabhdatta/Velonna/main/products/bracelets/GLBR-0005/GLBR-0005-reference.png,g,318039,
lab-grown-diamond-bracelet-glbr-0005,,,,,,,Metal,18K Gold,Colour,Rose,,,GLBR-0005-18K-R,18.7,,,deny,manual,408494,,TRUE,TRUE,,,,,,,,https://raw.githubusercontent.com/reshabhdatta/Velonna/main/products/bracelets/GLBR-0005/GLBR-0005-reference.png,g,396596,
lab-grown-diamond-bracelet-glbr-0005,,,,,,,Metal,18K Gold,Colour,White,,,GLBR-0005-18K-W,18.7,,,deny,manual,408494,,TRUE,TRUE,,,,,,,,https://raw.githubusercontent.com/reshabhdatta/Velonna/main/products/bracelets/GLBR-0005/GLBR-0005-reference.png,g,396596,
lab-grown-diamond-bracelet-glbr-0005,,,,,,,Metal,18K Gold,Colour,Yellow,,,GLBR-0005-18K-Y,18.7,,,deny,manual,408494,,TRUE,TRUE,,,,,,,,https://raw.githubusercontent.com/reshabhdatta/Velonna/main/products/bracelets/GLBR-0005/GLBR-0005-reference.png,g,396596,
lab-grown-diamond-bracelet-glbr-0006,Lab-Grown Diamond Bracelet GLBR-0006,"<p>A lab-grown diamond bracelet by Velonna Jewels, reference GLBR-0006. Total diamond weight is approximately 7.04 ct across 480 stones. Available in 925 silver, 9K, 14K, or 18K gold with rose, white, or yellow metal colour.</p><p>Made to order. Final specifications and lead time are confirmed by our team.</p>",Velonna Jewels,Lab Grown Diamond Bracelet,"Lab Grown Diamonds, Unisex, Bracelet",TRUE,Metal,925 Silver,Colour,Rose,,,GLBR-0006-925-R,11.288,,,deny,manual,328967,,TRUE,TRUE,,https://raw.githubusercontent.com/reshabhdatta/Velonna/main/products/bracelets/GLBR-0006/GLBR-0006-reference.png,1,Lab-Grown Diamond Bracelet GLBR-0006 in rose metal,FALSE,Lab-Grown Diamond Bracelet GLBR-0006,Lab-Grown Diamond Bracelet GLBR-0006 with 7.04 ct lab-grown diamonds. Made to order by Velonna Jewels.,https://raw.githubusercontent.com/reshabhdatta/Velonna/main/products/bracelets/GLBR-0006/GLBR-0006-reference.png,g,319385,active
lab-grown-diamond-bracelet-glbr-0006,,,,,,,Metal,925 Silver,Colour,White,,,GLBR-0006-925-W,11.288,,,deny,manual,328967,,TRUE,TRUE,,,,,,,,https://raw.githubusercontent.com/reshabhdatta/Velonna/main/products/bracelets/GLBR-0006/GLBR-0006-reference.png,g,319385,
lab-grown-diamond-bracelet-glbr-0006,,,,,,,Metal,925 Silver,Colour,Yellow,,,GLBR-0006-925-Y,11.288,,,deny,manual,328967,,TRUE,TRUE,,,,,,,,https://raw.githubusercontent.com/reshabhdatta/Velonna/main/products/bracelets/GLBR-0006/GLBR-0006-reference.png,g,319385,
lab-grown-diamond-bracelet-glbr-0006,,,,,,,Metal,9K Gold,Colour,Rose,,,GLBR-0006-9K-R,12.616,,,deny,manual,403829,,TRUE,TRUE,,,,,,,,https://raw.githubusercontent.com/reshabhdatta/Velonna/main/products/bracelets/GLBR-0006/GLBR-0006-reference.png,g,392067,
lab-grown-diamond-bracelet-glbr-0006,,,,,,,Metal,9K Gold,Colour,White,,,GLBR-0006-9K-W,12.616,,,deny,manual,403829,,TRUE,TRUE,,,,,,,,https://raw.githubusercontent.com/reshabhdatta/Velonna/main/products/bracelets/GLBR-0006/GLBR-0006-reference.png,g,392067,
lab-grown-diamond-bracelet-glbr-0006,,,,,,,Metal,9K Gold,Colour,Yellow,,,GLBR-0006-9K-Y,12.616,,,deny,manual,403829,,TRUE,TRUE,,,,,,,,https://raw.githubusercontent.com/reshabhdatta/Velonna/main/products/bracelets/GLBR-0006/GLBR-0006-reference.png,g,392067,
lab-grown-diamond-bracelet-glbr-0006,,,,,,,Metal,14K Gold,Colour,Rose,,,GLBR-0006-14K-R,14.11,,,deny,manual,462280,,TRUE,TRUE,,,,,,,,https://raw.githubusercontent.com/reshabhdatta/Velonna/main/products/bracelets/GLBR-0006/GLBR-0006-reference.png,g,448816,
lab-grown-diamond-bracelet-glbr-0006,,,,,,,Metal,14K Gold,Colour,White,,,GLBR-0006-14K-W,14.11,,,deny,manual,462280,,TRUE,TRUE,,,,,,,,https://raw.githubusercontent.com/reshabhdatta/Velonna/main/products/bracelets/GLBR-0006/GLBR-0006-reference.png,g,448816,
lab-grown-diamond-bracelet-glbr-0006,,,,,,,Metal,14K Gold,Colour,Yellow,,,GLBR-0006-14K-Y,14.11,,,deny,manual,462280,,TRUE,TRUE,,,,,,,,https://raw.githubusercontent.com/reshabhdatta/Velonna/main/products/bracelets/GLBR-0006/GLBR-0006-reference.png,g,448816,
lab-grown-diamond-bracelet-glbr-0006,,,,,,,Metal,18K Gold,Colour,Rose,,,GLBR-0006-18K-R,16.6,,,deny,manual,534109,,TRUE,TRUE,,,,,,,,https://raw.githubusercontent.com/reshabhdatta/Velonna/main/products/bracelets/GLBR-0006/GLBR-0006-reference.png,g,518552,
lab-grown-diamond-bracelet-glbr-0006,,,,,,,Metal,18K Gold,Colour,White,,,GLBR-0006-18K-W,16.6,,,deny,manual,534109,,TRUE,TRUE,,,,,,,,https://raw.githubusercontent.com/reshabhdatta/Velonna/main/products/bracelets/GLBR-0006/GLBR-0006-reference.png,g,518552,
lab-grown-diamond-bracelet-glbr-0006,,,,,,,Metal,18K Gold,Colour,Yellow,,,GLBR-0006-18K-Y,16.6,,,deny,manual,534109,,TRUE,TRUE,,,,,,,,https://raw.githubusercontent.com/reshabhdatta/Velonna/main/products/bracelets/GLBR-0006/GLBR-0006-reference.png,g,518552,
lab-grown-diamond-bracelet-glbr-0016,Lab-Grown Diamond Bracelet GLBR-0016,"<p>A lab-grown diamond bracelet by Velonna Jewels, reference GLBR-0016. Total diamond weight is approximately 13.198 ct across 35 stones. Available in 925 silver, 9K, 14K, or 18K gold with rose, white, or yellow metal colour.</p><p>Made to order. Final specifications and lead time are confirmed by our team.</p>",Velonna Jewels,Lab Grown Diamond Bracelet,"Lab Grown Diamonds, Unisex, Bracelet",TRUE,Metal,925 Silver,Colour,Rose,,,GLBR-0016-925-R,12.002,,,deny,manual,596907,,TRUE,TRUE,,https://raw.githubusercontent.com/reshabhdatta/Velonna/main/products/bracelets/GLBR-0016/GLBR-0016-reference.png,1,Lab-Grown Diamond Bracelet GLBR-0016 in rose metal,FALSE,Lab-Grown Diamond Bracelet GLBR-0016,Lab-Grown Diamond Bracelet GLBR-0016 with 13.198 ct lab-grown diamonds. Made to order by Velonna Jewels.,https://raw.githubusercontent.com/reshabhdatta/Velonna/main/products/bracelets/GLBR-0016/GLBR-0016-reference.png,g,579521,active
lab-grown-diamond-bracelet-glbr-0016,,,,,,,Metal,925 Silver,Colour,White,,,GLBR-0016-925-W,12.002,,,deny,manual,596907,,TRUE,TRUE,,,,,,,,https://raw.githubusercontent.com/reshabhdatta/Velonna/main/products/bracelets/GLBR-0016/GLBR-0016-reference.png,g,579521,
lab-grown-diamond-bracelet-glbr-0016,,,,,,,Metal,925 Silver,Colour,Yellow,,,GLBR-0016-925-Y,12.002,,,deny,manual,596907,,TRUE,TRUE,,,,,,,,https://raw.githubusercontent.com/reshabhdatta/Velonna/main/products/bracelets/GLBR-0016/GLBR-0016-reference.png,g,579521,
lab-grown-diamond-bracelet-glbr-0016,,,,,,,Metal,9K Gold,Colour,Rose,,,GLBR-0016-9K-R,13.414,,,deny,manual,676503,,TRUE,TRUE,,,,,,,,https://raw.githubusercontent.com/reshabhdatta/Velonna/main/products/bracelets/GLBR-0016/GLBR-0016-reference.png,g,656799,
lab-grown-diamond-bracelet-glbr-0016,,,,,,,Metal,9K Gold,Colour,White,,,GLBR-0016-9K-W,13.414,,,deny,manual,676503,,TRUE,TRUE,,,,,,,,https://raw.githubusercontent.com/reshabhdatta/Velonna/main/products/bracelets/GLBR-0016/GLBR-0016-reference.png,g,656799,
lab-grown-diamond-bracelet-glbr-0016,,,,,,,Metal,9K Gold,Colour,Yellow,,,GLBR-0016-9K-Y,13.414,,,deny,manual,676503,,TRUE,TRUE,,,,,,,,https://raw.githubusercontent.com/reshabhdatta/Velonna/main/products/bracelets/GLBR-0016/GLBR-0016-reference.png,g,656799,
lab-grown-diamond-bracelet-glbr-0016,,,,,,,Metal,14K Gold,Colour,Rose,,,GLBR-0016-14K-R,15.0025,,,deny,manual,738653,,TRUE,TRUE,,,,,,,,https://raw.githubusercontent.com/reshabhdatta/Velonna/main/products/bracelets/GLBR-0016/GLBR-0016-reference.png,g,717139,
lab-grown-diamond-bracelet-glbr-0016,,,,,,,Metal,14K Gold,Colour,White,,,GLBR-0016-14K-W,15.0025,,,deny,manual,738653,,TRUE,TRUE,,,,,,,,https://raw.githubusercontent.com/reshabhdatta/Velonna/main/products/bracelets/GLBR-0016/GLBR-0016-reference.png,g,717139,
lab-grown-diamond-bracelet-glbr-0016,,,,,,,Metal,14K Gold,Colour,Yellow,,,GLBR-0016-14K-Y,15.0025,,,deny,manual,738653,,TRUE,TRUE,,,,,,,,https://raw.githubusercontent.com/reshabhdatta/Velonna/main/products/bracelets/GLBR-0016/GLBR-0016-reference.png,g,717139,
lab-grown-diamond-bracelet-glbr-0016,,,,,,,Metal,18K Gold,Colour,Rose,,,GLBR-0016-18K-R,17.65,,,deny,manual,815023,,TRUE,TRUE,,,,,,,,https://raw.githubusercontent.com/reshabhdatta/Velonna/main/products/bracelets/GLBR-0016/GLBR-0016-reference.png,g,791284,
lab-grown-diamond-bracelet-glbr-0016,,,,,,,Metal,18K Gold,Colour,White,,,GLBR-0016-18K-W,17.65,,,deny,manual,815023,,TRUE,TRUE,,,,,,,,https://raw.githubusercontent.com/reshabhdatta/Velonna/main/products/bracelets/GLBR-0016/GLBR-0016-reference.png,g,791284,
lab-grown-diamond-bracelet-glbr-0016,,,,,,,Metal,18K Gold,Colour,Yellow,,,GLBR-0016-18K-Y,17.65,,,deny,manual,815023,,TRUE,TRUE,,,,,,,,https://raw.githubusercontent.com/reshabhdatta/Velonna/main/products/bracelets/GLBR-0016/GLBR-0016-reference.png,g,791284,
lab-grown-diamond-bracelet-glbr-0042,Lab-Grown Diamond Bracelet GLBR-0042,"<p>A lab-grown diamond bracelet by Velonna Jewels, reference GLBR-0042. Total diamond weight is approximately 6.82 ct across 28 stones. Available in 925 silver, 9K, 14K, or 18K gold with rose, white, or yellow metal colour.</p><p>Made to order. Final specifications and lead time are confirmed by our team.</p>",Velonna Jewels,Lab Grown Diamond Bracelet,"Lab Grown Diamonds, Unisex, Bracelet",TRUE,Metal,925 Silver,Colour,Rose,,,GLBR-0042-925-R,10.132,,,deny,manual,316949,,TRUE,TRUE,,https://raw.githubusercontent.com/reshabhdatta/Velonna/main/products/bracelets/GLBR-0042/GLBR-0042-reference.png,1,Lab-Grown Diamond Bracelet GLBR-0042 in rose metal,FALSE,Lab-Grown Diamond Bracelet GLBR-0042,Lab-Grown Diamond Bracelet GLBR-0042 with 6.82 ct lab-grown diamonds. Made to order by Velonna Jewels.,https://raw.githubusercontent.com/reshabhdatta/Velonna/main/products/bracelets/GLBR-0042/GLBR-0042-reference.png,g,307717,active
lab-grown-diamond-bracelet-glbr-0042,,,,,,,Metal,925 Silver,Colour,White,,,GLBR-0042-925-W,10.132,,,deny,manual,316949,,TRUE,TRUE,,,,,,,,https://raw.githubusercontent.com/reshabhdatta/Velonna/main/products/bracelets/GLBR-0042/GLBR-0042-reference.png,g,307717,
lab-grown-diamond-bracelet-glbr-0042,,,,,,,Metal,925 Silver,Colour,Yellow,,,GLBR-0042-925-Y,10.132,,,deny,manual,316949,,TRUE,TRUE,,,,,,,,https://raw.githubusercontent.com/reshabhdatta/Velonna/main/products/bracelets/GLBR-0042/GLBR-0042-reference.png,g,307717,
lab-grown-diamond-bracelet-glbr-0042,,,,,,,Metal,9K Gold,Colour,Rose,,,GLBR-0042-9K-R,11.324,,,deny,manual,384144,,TRUE,TRUE,,,,,,,,https://raw.githubusercontent.com/reshabhdatta/Velonna/main/products/bracelets/GLBR-0042/GLBR-0042-reference.png,g,372955,
lab-grown-diamond-bracelet-glbr-0042,,,,,,,Metal,9K Gold,Colour,White,,,GLBR-0042-9K-W,11.324,,,deny,manual,384144,,TRUE,TRUE,,,,,,,,https://raw.githubusercontent.com/reshabhdatta/Velonna/main/products/bracelets/GLBR-0042/GLBR-0042-reference.png,g,372955,
lab-grown-diamond-bracelet-glbr-0042,,,,,,,Metal,9K Gold,Colour,Yellow,,,GLBR-0042-9K-Y,11.324,,,deny,manual,384144,,TRUE,TRUE,,,,,,,,https://raw.githubusercontent.com/reshabhdatta/Velonna/main/products/bracelets/GLBR-0042/GLBR-0042-reference.png,g,372955,
lab-grown-diamond-bracelet-glbr-0042,,,,,,,Metal,14K Gold,Colour,Rose,,,GLBR-0042-14K-R,12.665,,,deny,manual,436610,,TRUE,TRUE,,,,,,,,https://raw.githubusercontent.com/reshabhdatta/Velonna/main/products/bracelets/GLBR-0042/GLBR-0042-reference.png,g,423893,
lab-grown-diamond-bracelet-glbr-0042,,,,,,,Metal,14K Gold,Colour,White,,,GLBR-0042-14K-W,12.665,,,deny,manual,436610,,TRUE,TRUE,,,,,,,,https://raw.githubusercontent.com/reshabhdatta/Velonna/main/products/bracelets/GLBR-0042/GLBR-0042-reference.png,g,423893,
lab-grown-diamond-bracelet-glbr-0042,,,,,,,Metal,14K Gold,Colour,Yellow,,,GLBR-0042-14K-Y,12.665,,,deny,manual,436610,,TRUE,TRUE,,,,,,,,https://raw.githubusercontent.com/reshabhdatta/Velonna/main/products/bracelets/GLBR-0042/GLBR-0042-reference.png,g,423893,
lab-grown-diamond-bracelet-glbr-0042,,,,,,,Metal,18K Gold,Colour,Rose,,,GLBR-0042-18K-R,14.9,,,deny,manual,501082,,TRUE,TRUE,,,,,,,,https://raw.githubusercontent.com/reshabhdatta/Velonna/main/products/bracelets/GLBR-0042/GLBR-0042-reference.png,g,486487,
lab-grown-diamond-bracelet-glbr-0042,,,,,,,Metal,18K Gold,Colour,White,,,GLBR-0042-18K-W,14.9,,,deny,manual,501082,,TRUE,TRUE,,,,,,,,https://raw.githubusercontent.com/reshabhdatta/Velonna/main/products/bracelets/GLBR-0042/GLBR-0042-reference.png,g,486487,
lab-grown-diamond-bracelet-glbr-0042,,,,,,,Metal,18K Gold,Colour,Yellow,,,GLBR-0042-18K-Y,14.9,,,deny,manual,501082,,TRUE,TRUE,,,,,,,,https://raw.githubusercontent.com/reshabhdatta/Velonna/main/products/bracelets/GLBR-0042/GLBR-0042-reference.png,g,486487,
lab-grown-diamond-bracelet-glbr-0045,Lab-Grown Diamond Bracelet GLBR-0045,"<p>A lab-grown diamond bracelet by Velonna Jewels, reference GLBR-0045. Total diamond weight is approximately 13.44 ct across 11 stones. Available in 925 silver, 9K, 14K, or 18K gold with rose, white, or yellow metal colour.</p><p>Made to order. Final specifications and lead time are confirmed by our team.</p>",Velonna Jewels,Lab Grown Diamond Bracelet,"Lab Grown Diamonds, Unisex, Bracelet",TRUE,Metal,925 Silver,Colour,Rose,,,GLBR-0045-925-R,10.71,,,deny,manual,604581,,TRUE,TRUE,,https://raw.githubusercontent.com/reshabhdatta/Velonna/main/products/bracelets/GLBR-0045/GLBR-0045-reference.png,1,Lab-Grown Diamond Bracelet GLBR-0045 in rose metal,FALSE,Lab-Grown Diamond Bracelet GLBR-0045,Lab-Grown Diamond Bracelet GLBR-0045 with 13.44 ct lab-grown diamonds. Made to order by Velonna Jewels.,https://raw.githubusercontent.com/reshabhdatta/Velonna/main/products/bracelets/GLBR-0045/GLBR-0045-reference.png,g,586972,active
lab-grown-diamond-bracelet-glbr-0045,,,,,,,Metal,925 Silver,Colour,White,,,GLBR-0045-925-W,10.71,,,deny,manual,604581,,TRUE,TRUE,,,,,,,,https://raw.githubusercontent.com/reshabhdatta/Velonna/main/products/bracelets/GLBR-0045/GLBR-0045-reference.png,g,586972,
lab-grown-diamond-bracelet-glbr-0045,,,,,,,Metal,925 Silver,Colour,Yellow,,,GLBR-0045-925-Y,10.71,,,deny,manual,604581,,TRUE,TRUE,,,,,,,,https://raw.githubusercontent.com/reshabhdatta/Velonna/main/products/bracelets/GLBR-0045/GLBR-0045-reference.png,g,586972,
lab-grown-diamond-bracelet-glbr-0045,,,,,,,Metal,9K Gold,Colour,Rose,,,GLBR-0045-9K-R,11.97,,,deny,manual,675609,,TRUE,TRUE,,,,,,,,https://raw.githubusercontent.com/reshabhdatta/Velonna/main/products/bracelets/GLBR-0045/GLBR-0045-reference.png,g,655931,
lab-grown-diamond-bracelet-glbr-0045,,,,,,,Metal,9K Gold,Colour,White,,,GLBR-0045-9K-W,11.97,,,deny,manual,675609,,TRUE,TRUE,,,,,,,,https://raw.githubusercontent.com/reshabhdatta/Velonna/main/products/bracelets/GLBR-0045/GLBR-0045-reference.png,g,655931,
lab-grown-diamond-bracelet-glbr-0045,,,,,,,Metal,9K Gold,Colour,Yellow,,,GLBR-0045-9K-Y,11.97,,,deny,manual,675609,,TRUE,TRUE,,,,,,,,https://raw.githubusercontent.com/reshabhdatta/Velonna/main/products/bracelets/GLBR-0045/GLBR-0045-reference.png,g,655931,
lab-grown-diamond-bracelet-glbr-0045,,,,,,,Metal,14K Gold,Colour,Rose,,,GLBR-0045-14K-R,13.3875,,,deny,manual,731068,,TRUE,TRUE,,,,,,,,https://raw.githubusercontent.com/reshabhdatta/Velonna/main/products/bracelets/GLBR-0045/GLBR-0045-reference.png,g,709775,
lab-grown-diamond-bracelet-glbr-0045,,,,,,,Metal,14K Gold,Colour,White,,,GLBR-0045-14K-W,13.3875,,,deny,manual,731068,,TRUE,TRUE,,,,,,,,https://raw.githubusercontent.com/reshabhdatta/Velonna/main/products/bracelets/GLBR-0045/GLBR-0045-reference.png,g,709775,
lab-grown-diamond-bracelet-glbr-0045,,,,,,,Metal,14K Gold,Colour,Yellow,,,GLBR-0045-14K-Y,13.3875,,,deny,manual,731068,,TRUE,TRUE,,,,,,,,https://raw.githubusercontent.com/reshabhdatta/Velonna/main/products/bracelets/GLBR-0045/GLBR-0045-reference.png,g,709775,
lab-grown-diamond-bracelet-glbr-0045,,,,,,,Metal,18K Gold,Colour,Rose,,,GLBR-0045-18K-R,15.75,,,deny,manual,799218,,TRUE,TRUE,,,,,,,,https://raw.githubusercontent.com/reshabhdatta/Velonna/main/products/bracelets/GLBR-0045/GLBR-0045-reference.png,g,775940,
lab-grown-diamond-bracelet-glbr-0045,,,,,,,Metal,18K Gold,Colour,White,,,GLBR-0045-18K-W,15.75,,,deny,manual,799218,,TRUE,TRUE,,,,,,,,https://raw.githubusercontent.com/reshabhdatta/Velonna/main/products/bracelets/GLBR-0045/GLBR-0045-reference.png,g,775940,
lab-grown-diamond-bracelet-glbr-0045,,,,,,,Metal,18K Gold,Colour,Yellow,,,GLBR-0045-18K-Y,15.75,,,deny,manual,799218,,TRUE,TRUE,,,,,,,,https://raw.githubusercontent.com/reshabhdatta/Velonna/main/products/bracelets/GLBR-0045/GLBR-0045-reference.png,g,775940,
lab-grown-diamond-bracelet-glbr-0048,Lab-Grown Diamond Bracelet GLBR-0048,"<p>A lab-grown diamond bracelet by Velonna Jewels, reference GLBR-0048. Total diamond weight is approximately 12.04 ct across 131 stones. Available in 925 silver, 9K, 14K, or 18K gold with rose, white, or yellow metal colour.</p><p>Made to order. Final specifications and lead time are confirmed by our team.</p>",Velonna Jewels,Lab Grown Diamond Bracelet,"Lab Grown Diamonds, Unisex, Bracelet",TRUE,Metal,925 Silver,Colour,Rose,,,GLBR-0048-925-R,11.458,,,deny,manual,545634,,TRUE,TRUE,,https://raw.githubusercontent.com/reshabhdatta/Velonna/main/products/bracelets/GLBR-0048/GLBR-0048-reference.png,1,Lab-Grown Diamond Bracelet GLBR-0048 in rose metal,FALSE,Lab-Grown Diamond Bracelet GLBR-0048,Lab-Grown Diamond Bracelet GLBR-0048 with 12.04 ct lab-grown diamonds. Made to order by Velonna Jewels.,https://raw.githubusercontent.com/reshabhdatta/Velonna/main/products/bracelets/GLBR-0048/GLBR-0048-reference.png,g,529742,active
lab-grown-diamond-bracelet-glbr-0048,,,,,,,Metal,925 Silver,Colour,White,,,GLBR-0048-925-W,11.458,,,deny,manual,545634,,TRUE,TRUE,,,,,,,,https://raw.githubusercontent.com/reshabhdatta/Velonna/main/products/bracelets/GLBR-0048/GLBR-0048-reference.png,g,529742,
lab-grown-diamond-bracelet-glbr-0048,,,,,,,Metal,925 Silver,Colour,Yellow,,,GLBR-0048-925-Y,11.458,,,deny,manual,545634,,TRUE,TRUE,,,,,,,,https://raw.githubusercontent.com/reshabhdatta/Velonna/main/products/bracelets/GLBR-0048/GLBR-0048-reference.png,g,529742,
lab-grown-diamond-bracelet-glbr-0048,,,,,,,Metal,9K Gold,Colour,Rose,,,GLBR-0048-9K-R,12.806,,,deny,manual,621624,,TRUE,TRUE,,,,,,,,https://raw.githubusercontent.com/reshabhdatta/Velonna/main/products/bracelets/GLBR-0048/GLBR-0048-reference.png,g,603518,
lab-grown-diamond-bracelet-glbr-0048,,,,,,,Metal,9K Gold,Colour,White,,,GLBR-0048-9K-W,12.806,,,deny,manual,621624,,TRUE,TRUE,,,,,,,,https://raw.githubusercontent.com/reshabhdatta/Velonna/main/products/bracelets/GLBR-0048/GLBR-0048-reference.png,g,603518,
lab-grown-diamond-bracelet-glbr-0048,,,,,,,Metal,9K Gold,Colour,Yellow,,,GLBR-0048-9K-Y,12.806,,,deny,manual,621624,,TRUE,TRUE,,,,,,,,https://raw.githubusercontent.com/reshabhdatta/Velonna/main/products/bracelets/GLBR-0048/GLBR-0048-reference.png,g,603518,
lab-grown-diamond-bracelet-glbr-0048,,,,,,,Metal,14K Gold,Colour,Rose,,,GLBR-0048-14K-R,14.3225,,,deny,manual,680956,,TRUE,TRUE,,,,,,,,https://raw.githubusercontent.com/reshabhdatta/Velonna/main/products/bracelets/GLBR-0048/GLBR-0048-reference.png,g,661122,
lab-grown-diamond-bracelet-glbr-0048,,,,,,,Metal,14K Gold,Colour,White,,,GLBR-0048-14K-W,14.3225,,,deny,manual,680956,,TRUE,TRUE,,,,,,,,https://raw.githubusercontent.com/reshabhdatta/Velonna/main/products/bracelets/GLBR-0048/GLBR-0048-reference.png,g,661122,
lab-grown-diamond-bracelet-glbr-0048,,,,,,,Metal,14K Gold,Colour,Yellow,,,GLBR-0048-14K-Y,14.3225,,,deny,manual,680956,,TRUE,TRUE,,,,,,,,https://raw.githubusercontent.com/reshabhdatta/Velonna/main/products/bracelets/GLBR-0048/GLBR-0048-reference.png,g,661122,
lab-grown-diamond-bracelet-glbr-0048,,,,,,,Metal,18K Gold,Colour,Rose,,,GLBR-0048-18K-R,16.85,,,deny,manual,753866,,TRUE,TRUE,,,,,,,,https://raw.githubusercontent.com/reshabhdatta/Velonna/main/products/bracelets/GLBR-0048/GLBR-0048-reference.png,g,731909,
lab-grown-diamond-bracelet-glbr-0048,,,,,,,Metal,18K Gold,Colour,White,,,GLBR-0048-18K-W,16.85,,,deny,manual,753866,,TRUE,TRUE,,,,,,,,https://raw.githubusercontent.com/reshabhdatta/Velonna/main/products/bracelets/GLBR-0048/GLBR-0048-reference.png,g,731909,
lab-grown-diamond-bracelet-glbr-0048,,,,,,,Metal,18K Gold,Colour,Yellow,,,GLBR-0048-18K-Y,16.85,,,deny,manual,753866,,TRUE,TRUE,,,,,,,,https://raw.githubusercontent.com/reshabhdatta/Velonna/main/products/bracelets/GLBR-0048/GLBR-0048-reference.png,g,731909,
lab-grown-diamond-bracelet-glbr-0068,Lab-Grown Diamond Bracelet GLBR-0068,"<p>A lab-grown diamond bracelet by Velonna Jewels, reference GLBR-0068. Total diamond weight is approximately 5.94 ct across 18 stones. Available in 925 silver, 9K, 14K, or 18K gold with rose, white, or yellow metal colour.</p><p>Made to order. Final specifications and lead time are confirmed by our team.</p>",Velonna Jewels,Lab Grown Diamond Bracelet,"Lab Grown Diamonds, Unisex, Bracelet",TRUE,Metal,925 Silver,Colour,Rose,,,GLBR-0068-925-R,7.106,,,deny,manual,272335,,TRUE,TRUE,,https://raw.githubusercontent.com/reshabhdatta/Velonna/main/products/bracelets/GLBR-0068/GLBR-0068-reference.png,1,Lab-Grown Diamond Bracelet GLBR-0068 in rose metal,FALSE,Lab-Grown Diamond Bracelet GLBR-0068,Lab-Grown Diamond Bracelet GLBR-0068 with 5.94 ct lab-grown diamonds. Made to order by Velonna Jewels.,https://raw.githubusercontent.com/reshabhdatta/Velonna/main/products/bracelets/GLBR-0068/GLBR-0068-reference.png,g,264403,active
lab-grown-diamond-bracelet-glbr-0068,,,,,,,Metal,925 Silver,Colour,White,,,GLBR-0068-925-W,7.106,,,deny,manual,272335,,TRUE,TRUE,,,,,,,,https://raw.githubusercontent.com/reshabhdatta/Velonna/main/products/bracelets/GLBR-0068/GLBR-0068-reference.png,g,264403,
lab-grown-diamond-bracelet-glbr-0068,,,,,,,Metal,925 Silver,Colour,Yellow,,,GLBR-0068-925-Y,7.106,,,deny,manual,272335,,TRUE,TRUE,,,,,,,,https://raw.githubusercontent.com/reshabhdatta/Velonna/main/products/bracelets/GLBR-0068/GLBR-0068-reference.png,g,264403,
lab-grown-diamond-bracelet-glbr-0068,,,,,,,Metal,9K Gold,Colour,Rose,,,GLBR-0068-9K-R,7.942,,,deny,manual,319462,,TRUE,TRUE,,,,,,,,https://raw.githubusercontent.com/reshabhdatta/Velonna/main/products/bracelets/GLBR-0068/GLBR-0068-reference.png,g,310157,
lab-grown-diamond-bracelet-glbr-0068,,,,,,,Metal,9K Gold,Colour,White,,,GLBR-0068-9K-W,7.942,,,deny,manual,319462,,TRUE,TRUE,,,,,,,,https://raw.githubusercontent.com/reshabhdatta/Velonna/main/products/bracelets/GLBR-0068/GLBR-0068-reference.png,g,310157,
lab-grown-diamond-bracelet-glbr-0068,,,,,,,Metal,9K Gold,Colour,Yellow,,,GLBR-0068-9K-Y,7.942,,,deny,manual,319462,,TRUE,TRUE,,,,,,,,https://raw.githubusercontent.com/reshabhdatta/Velonna/main/products/bracelets/GLBR-0068/GLBR-0068-reference.png,g,310157,
lab-grown-diamond-bracelet-glbr-0068,,,,,,,Metal,14K Gold,Colour,Rose,,,GLBR-0068-14K-R,8.8825,,,deny,manual,356258,,TRUE,TRUE,,,,,,,,https://raw.githubusercontent.com/reshabhdatta/Velonna/main/products/bracelets/GLBR-0068/GLBR-0068-reference.png,g,345882,
lab-grown-diamond-bracelet-glbr-0068,,,,,,,Metal,14K Gold,Colour,White,,,GLBR-0068-14K-W,8.8825,,,deny,manual,356258,,TRUE,TRUE,,,,,,,,https://raw.githubusercontent.com/reshabhdatta/Velonna/main/products/bracelets/GLBR-0068/GLBR-0068-reference.png,g,345882,
lab-grown-diamond-bracelet-glbr-0068,,,,,,,Metal,14K Gold,Colour,Yellow,,,GLBR-0068-14K-Y,8.8825,,,deny,manual,356258,,TRUE,TRUE,,,,,,,,https://raw.githubusercontent.com/reshabhdatta/Velonna/main/products/bracelets/GLBR-0068/GLBR-0068-reference.png,g,345882,
lab-grown-diamond-bracelet-glbr-0068,,,,,,,Metal,18K Gold,Colour,Rose,,,GLBR-0068-18K-R,10.45,,,deny,manual,401475,,TRUE,TRUE,,,,,,,,https://raw.githubusercontent.com/reshabhdatta/Velonna/main/products/bracelets/GLBR-0068/GLBR-0068-reference.png,g,389782,
lab-grown-diamond-bracelet-glbr-0068,,,,,,,Metal,18K Gold,Colour,White,,,GLBR-0068-18K-W,10.45,,,deny,manual,401475,,TRUE,TRUE,,,,,,,,https://raw.githubusercontent.com/reshabhdatta/Velonna/main/products/bracelets/GLBR-0068/GLBR-0068-reference.png,g,389782,
lab-grown-diamond-bracelet-glbr-0068,,,,,,,Metal,18K Gold,Colour,Yellow,,,GLBR-0068-18K-Y,10.45,,,deny,manual,401475,,TRUE,TRUE,,,,,,,,https://raw.githubusercontent.com/reshabhdatta/Velonna/main/products/bracelets/GLBR-0068/GLBR-0068-reference.png,g,389782,
lab-grown-diamond-bracelet-glbr-0086,Lab-Grown Diamond Bracelet GLBR-0086,"<p>A lab-grown diamond bracelet by Velonna Jewels, reference GLBR-0086. Total diamond weight is approximately 3.837 ct across 79 stones. Available in 925 silver, 9K, 14K, or 18K gold with rose, white, or yellow metal colour.</p><p>Made to order. Final specifications and lead time are confirmed by our team.</p>",Velonna Jewels,Lab Grown Diamond Bracelet,"Lab Grown Diamonds, Unisex, Bracelet",TRUE,Metal,925 Silver,Colour,Rose,,,GLBR-0086-925-R,10.404,,,deny,manual,188492,,TRUE,TRUE,,https://raw.githubusercontent.com/reshabhdatta/Velonna/main/products/bracelets/GLBR-0086/GLBR-0086-reference.png,1,Lab-Grown Diamond Bracelet GLBR-0086 in rose metal,FALSE,Lab-Grown Diamond Bracelet GLBR-0086,Lab-Grown Diamond Bracelet GLBR-0086 with 3.837 ct lab-grown diamonds. Made to order by Velonna Jewels.,https://raw.githubusercontent.com/reshabhdatta/Velonna/main/products/bracelets/GLBR-0086/GLBR-0086-reference.png,g,183002,active
lab-grown-diamond-bracelet-glbr-0086,,,,,,,Metal,925 Silver,Colour,White,,,GLBR-0086-925-W,10.404,,,deny,manual,188492,,TRUE,TRUE,,,,,,,,https://raw.githubusercontent.com/reshabhdatta/Velonna/main/products/bracelets/GLBR-0086/GLBR-0086-reference.png,g,183002,
lab-grown-diamond-bracelet-glbr-0086,,,,,,,Metal,925 Silver,Colour,Yellow,,,GLBR-0086-925-Y,10.404,,,deny,manual,188492,,TRUE,TRUE,,,,,,,,https://raw.githubusercontent.com/reshabhdatta/Velonna/main/products/bracelets/GLBR-0086/GLBR-0086-reference.png,g,183002,
lab-grown-diamond-bracelet-glbr-0086,,,,,,,Metal,9K Gold,Colour,Rose,,,GLBR-0086-9K-R,11.628,,,deny,manual,257492,,TRUE,TRUE,,,,,,,,https://raw.githubusercontent.com/reshabhdatta/Velonna/main/products/bracelets/GLBR-0086/GLBR-0086-reference.png,g,249992,
lab-grown-diamond-bracelet-glbr-0086,,,,,,,Metal,9K Gold,Colour,White,,,GLBR-0086-9K-W,11.628,,,deny,manual,257492,,TRUE,TRUE,,,,,,,,https://raw.githubusercontent.com/reshabhdatta/Velonna/main/products/bracelets/GLBR-0086/GLBR-0086-reference.png,g,249992,
lab-grown-diamond-bracelet-glbr-0086,,,,,,,Metal,9K Gold,Colour,Yellow,,,GLBR-0086-9K-Y,11.628,,,deny,manual,257492,,TRUE,TRUE,,,,,,,,https://raw.githubusercontent.com/reshabhdatta/Velonna/main/products/bracelets/GLBR-0086/GLBR-0086-reference.png,g,249992,
lab-grown-diamond-bracelet-glbr-0086,,,,,,,Metal,14K Gold,Colour,Rose,,,GLBR-0086-14K-R,13.005,,,deny,manual,311366,,TRUE,TRUE,,,,,,,,https://raw.githubusercontent.com/reshabhdatta/Velonna/main/products/bracelets/GLBR-0086/GLBR-0086-reference.png,g,302297,
lab-grown-diamond-bracelet-glbr-0086,,,,,,,Metal,14K Gold,Colour,White,,,GLBR-0086-14K-W,13.005,,,deny,manual,311366,,TRUE,TRUE,,,,,,,,https://raw.githubusercontent.com/reshabhdatta/Velonna/main/products/bracelets/GLBR-0086/GLBR-0086-reference.png,g,302297,
lab-grown-diamond-bracelet-glbr-0086,,,,,,,Metal,14K Gold,Colour,Yellow,,,GLBR-0086-14K-Y,13.005,,,deny,manual,311366,,TRUE,TRUE,,,,,,,,https://raw.githubusercontent.com/reshabhdatta/Velonna/main/products/bracelets/GLBR-0086/GLBR-0086-reference.png,g,302297,
lab-grown-diamond-bracelet-glbr-0086,,,,,,,Metal,18K Gold,Colour,Rose,,,GLBR-0086-18K-R,15.3,,,deny,manual,377569,,TRUE,TRUE,,,,,,,,https://raw.githubusercontent.com/reshabhdatta/Velonna/main/products/bracelets/GLBR-0086/GLBR-0086-reference.png,g,366572,
lab-grown-diamond-bracelet-glbr-0086,,,,,,,Metal,18K Gold,Colour,White,,,GLBR-0086-18K-W,15.3,,,deny,manual,377569,,TRUE,TRUE,,,,,,,,https://raw.githubusercontent.com/reshabhdatta/Velonna/main/products/bracelets/GLBR-0086/GLBR-0086-reference.png,g,366572,
lab-grown-diamond-bracelet-glbr-0086,,,,,,,Metal,18K Gold,Colour,Yellow,,,GLBR-0086-18K-Y,15.3,,,deny,manual,377569,,TRUE,TRUE,,,,,,,,https://raw.githubusercontent.com/reshabhdatta/Velonna/main/products/bracelets/GLBR-0086/GLBR-0086-reference.png,g,366572,
lab-grown-diamond-bracelet-glbr-0099,Lab-Grown Diamond Bracelet GLBR-0099,"<p>A lab-grown diamond bracelet by Velonna Jewels, reference GLBR-0099. Total diamond weight is approximately 6.37 ct across 49 stones. Available in 925 silver, 9K, 14K, or 18K gold with rose, white, or yellow metal colour.</p><p>Made to order. Final specifications and lead time are confirmed by our team.</p>",Velonna Jewels,Lab Grown Diamond Bracelet,"Lab Grown Diamonds, Unisex, Bracelet",TRUE,Metal,925 Silver,Colour,Rose,,,GLBR-0099-925-R,10.744,,,deny,manual,298805,,TRUE,TRUE,,https://raw.githubusercontent.com/reshabhdatta/Velonna/main/products/bracelets/GLBR-0099/GLBR-0099-reference.png,1,Lab-Grown Diamond Bracelet GLBR-0099 in rose metal,FALSE,Lab-Grown Diamond Bracelet GLBR-0099,Lab-Grown Diamond Bracelet GLBR-0099 with 6.37 ct lab-grown diamonds. Made to order by Velonna Jewels.,https://raw.githubusercontent.com/reshabhdatta/Velonna/main/products/bracelets/GLBR-0099/GLBR-0099-reference.png,g,290102,active
lab-grown-diamond-bracelet-glbr-0099,,,,,,,Metal,925 Silver,Colour,White,,,GLBR-0099-925-W,10.744,,,deny,manual,298805,,TRUE,TRUE,,,,,,,,https://raw.githubusercontent.com/reshabhdatta/Velonna/main/products/bracelets/GLBR-0099/GLBR-0099-reference.png,g,290102,
lab-grown-diamond-bracelet-glbr-0099,,,,,,,Metal,925 Silver,Colour,Yellow,,,GLBR-0099-925-Y,10.744,,,deny,manual,298805,,TRUE,TRUE,,,,,,,,https://raw.githubusercontent.com/reshabhdatta/Velonna/main/products/bracelets/GLBR-0099/GLBR-0099-reference.png,g,290102,
lab-grown-diamond-bracelet-glbr-0099,,,,,,,Metal,9K Gold,Colour,Rose,,,GLBR-0099-9K-R,12.008,,,deny,manual,370059,,TRUE,TRUE,,,,,,,,https://raw.githubusercontent.com/reshabhdatta/Velonna/main/products/bracelets/GLBR-0099/GLBR-0099-reference.png,g,359281,
lab-grown-diamond-bracelet-glbr-0099,,,,,,,Metal,9K Gold,Colour,White,,,GLBR-0099-9K-W,12.008,,,deny,manual,370059,,TRUE,TRUE,,,,,,,,https://raw.githubusercontent.com/reshabhdatta/Velonna/main/products/bracelets/GLBR-0099/GLBR-0099-reference.png,g,359281,
lab-grown-diamond-bracelet-glbr-0099,,,,,,,Metal,9K Gold,Colour,Yellow,,,GLBR-0099-9K-Y,12.008,,,deny,manual,370059,,TRUE,TRUE,,,,,,,,https://raw.githubusercontent.com/reshabhdatta/Velonna/main/products/bracelets/GLBR-0099/GLBR-0099-reference.png,g,359281,
lab-grown-diamond-bracelet-glbr-0099,,,,,,,Metal,14K Gold,Colour,Rose,,,GLBR-0099-14K-R,13.43,,,deny,manual,425695,,TRUE,TRUE,,,,,,,,https://raw.githubusercontent.com/reshabhdatta/Velonna/main/products/bracelets/GLBR-0099/GLBR-0099-reference.png,g,413296,
lab-grown-diamond-bracelet-glbr-0099,,,,,,,Metal,14K Gold,Colour,White,,,GLBR-0099-14K-W,13.43,,,deny,manual,425695,,TRUE,TRUE,,,,,,,,https://raw.githubusercontent.com/reshabhdatta/Velonna/main/products/bracelets/GLBR-0099/GLBR-0099-reference.png,g,413296,
lab-grown-diamond-bracelet-glbr-0099,,,,,,,Metal,14K Gold,Colour,Yellow,,,GLBR-0099-14K-Y,13.43,,,deny,manual,425695,,TRUE,TRUE,,,,,,,,https://raw.githubusercontent.com/reshabhdatta/Velonna/main/products/bracelets/GLBR-0099/GLBR-0099-reference.png,g,413296,
lab-grown-diamond-bracelet-glbr-0099,,,,,,,Metal,18K Gold,Colour,Rose,,,GLBR-0099-18K-R,15.8,,,deny,manual,494061,,TRUE,TRUE,,,,,,,,https://raw.githubusercontent.com/reshabhdatta/Velonna/main/products/bracelets/GLBR-0099/GLBR-0099-reference.png,g,479671,
lab-grown-diamond-bracelet-glbr-0099,,,,,,,Metal,18K Gold,Colour,White,,,GLBR-0099-18K-W,15.8,,,deny,manual,494061,,TRUE,TRUE,,,,,,,,https://raw.githubusercontent.com/reshabhdatta/Velonna/main/products/bracelets/GLBR-0099/GLBR-0099-reference.png,g,479671,
lab-grown-diamond-bracelet-glbr-0099,,,,,,,Metal,18K Gold,Colour,Yellow,,,GLBR-0099-18K-Y,15.8,,,deny,manual,494061,,TRUE,TRUE,,,,,,,,https://raw.githubusercontent.com/reshabhdatta/Velonna/main/products/bracelets/GLBR-0099/GLBR-0099-reference.png,g,479671,
lab-grown-diamond-bracelet-glbr-0111,Lab-Grown Diamond Bracelet GLBR-0111,"<p>A lab-grown diamond bracelet by Velonna Jewels, reference GLBR-0111. Total diamond weight is approximately 12 ct across 60 stones. Available in 925 silver, 9K, 14K, or 18K gold with rose, white, or yellow metal colour.</p><p>Made to order. Final specifications and lead time are confirmed by our team.</p>",Velonna Jewels,Lab Grown Diamond Bracelet,"Lab Grown Diamonds, Unisex, Bracelet",TRUE,Metal,925 Silver,Colour,Rose,,,GLBR-0111-925-R,18.122,,,deny,manual,558319,,TRUE,TRUE,,https://raw.githubusercontent.com/reshabhdatta/Velonna/main/products/bracelets/GLBR-0111/GLBR-0111-reference.png,1,Lab-Grown Diamond Bracelet GLBR-0111 in rose metal,FALSE,Lab-Grown Diamond Bracelet GLBR-0111,Lab-Grown Diamond Bracelet GLBR-0111 with 12 ct lab-grown diamonds. Made to order by Velonna Jewels.,https://raw.githubusercontent.com/reshabhdatta/Velonna/main/products/bracelets/GLBR-0111/GLBR-0111-reference.png,g,542057,active
lab-grown-diamond-bracelet-glbr-0111,,,,,,,Metal,925 Silver,Colour,White,,,GLBR-0111-925-W,18.122,,,deny,manual,558319,,TRUE,TRUE,,,,,,,,https://raw.githubusercontent.com/reshabhdatta/Velonna/main/products/bracelets/GLBR-0111/GLBR-0111-reference.png,g,542057,
lab-grown-diamond-bracelet-glbr-0111,,,,,,,Metal,925 Silver,Colour,Yellow,,,GLBR-0111-925-Y,18.122,,,deny,manual,558319,,TRUE,TRUE,,,,,,,,https://raw.githubusercontent.com/reshabhdatta/Velonna/main/products/bracelets/GLBR-0111/GLBR-0111-reference.png,g,542057,
lab-grown-diamond-bracelet-glbr-0111,,,,,,,Metal,9K Gold,Colour,Rose,,,GLBR-0111-9K-R,20.254,,,deny,manual,678503,,TRUE,TRUE,,,,,,,,https://raw.githubusercontent.com/reshabhdatta/Velonna/main/products/bracelets/GLBR-0111/GLBR-0111-reference.png,g,658741,
lab-grown-diamond-bracelet-glbr-0111,,,,,,,Metal,9K Gold,Colour,White,,,GLBR-0111-9K-W,20.254,,,deny,manual,678503,,TRUE,TRUE,,,,,,,,https://raw.githubusercontent.com/reshabhdatta/Velonna/main/products/bracelets/GLBR-0111/GLBR-0111-reference.png,g,658741,
lab-grown-diamond-bracelet-glbr-0111,,,,,,,Metal,9K Gold,Colour,Yellow,,,GLBR-0111-9K-Y,20.254,,,deny,manual,678503,,TRUE,TRUE,,,,,,,,https://raw.githubusercontent.com/reshabhdatta/Velonna/main/products/bracelets/GLBR-0111/GLBR-0111-reference.png,g,658741,
lab-grown-diamond-bracelet-glbr-0111,,,,,,,Metal,14K Gold,Colour,Rose,,,GLBR-0111-14K-R,22.6525,,,deny,manual,772342,,TRUE,TRUE,,,,,,,,https://raw.githubusercontent.com/reshabhdatta/Velonna/main/products/bracelets/GLBR-0111/GLBR-0111-reference.png,g,749847,
lab-grown-diamond-bracelet-glbr-0111,,,,,,,Metal,14K Gold,Colour,White,,,GLBR-0111-14K-W,22.6525,,,deny,manual,772342,,TRUE,TRUE,,,,,,,,https://raw.githubusercontent.com/reshabhdatta/Velonna/main/products/bracelets/GLBR-0111/GLBR-0111-reference.png,g,749847,
lab-grown-diamond-bracelet-glbr-0111,,,,,,,Metal,14K Gold,Colour,Yellow,,,GLBR-0111-14K-Y,22.6525,,,deny,manual,772342,,TRUE,TRUE,,,,,,,,https://raw.githubusercontent.com/reshabhdatta/Velonna/main/products/bracelets/GLBR-0111/GLBR-0111-reference.png,g,749847,
lab-grown-diamond-bracelet-glbr-0111,,,,,,,Metal,18K Gold,Colour,Rose,,,GLBR-0111-18K-R,26.65,,,deny,manual,887657,,TRUE,TRUE,,,,,,,,https://raw.githubusercontent.com/reshabhdatta/Velonna/main/products/bracelets/GLBR-0111/GLBR-0111-reference.png,g,861803,
lab-grown-diamond-bracelet-glbr-0111,,,,,,,Metal,18K Gold,Colour,White,,,GLBR-0111-18K-W,26.65,,,deny,manual,887657,,TRUE,TRUE,,,,,,,,https://raw.githubusercontent.com/reshabhdatta/Velonna/main/products/bracelets/GLBR-0111/GLBR-0111-reference.png,g,861803,
lab-grown-diamond-bracelet-glbr-0111,,,,,,,Metal,18K Gold,Colour,Yellow,,,GLBR-0111-18K-Y,26.65,,,deny,manual,887657,,TRUE,TRUE,,,,,,,,https://raw.githubusercontent.com/reshabhdatta/Velonna/main/products/bracelets/GLBR-0111/GLBR-0111-reference.png,g,861803,
lab-grown-diamond-bracelet-glbr-0112,Lab-Grown Diamond Bracelet GLBR-0112,"<p>A lab-grown diamond bracelet by Velonna Jewels, reference GLBR-0112. Total diamond weight is approximately 3.7 ct across 37 stones. Available in 925 silver, 9K, 14K, or 18K gold with rose, white, or yellow metal colour.</p><p>Made to order. Final specifications and lead time are confirmed by our team.</p>",Velonna Jewels,Lab Grown Diamond Bracelet,"Lab Grown Diamonds, Unisex, Bracelet",TRUE,Metal,925 Silver,Colour,Rose,,,GLBR-0112-925-R,9.35,,,deny,manual,180287,,TRUE,TRUE,,https://raw.githubusercontent.com/reshabhdatta/Velonna/main/products/bracelets/GLBR-0112/GLBR-0112-reference.png,1,Lab-Grown Diamond Bracelet GLBR-0112 in rose metal,FALSE,Lab-Grown Diamond Bracelet GLBR-0112,Lab-Grown Diamond Bracelet GLBR-0112 with 3.7 ct lab-grown diamonds. Made to order by Velonna Jewels.,https://raw.githubusercontent.com/reshabhdatta/Velonna/main/products/bracelets/GLBR-0112/GLBR-0112-reference.png,g,175036,active
lab-grown-diamond-bracelet-glbr-0112,,,,,,,Metal,925 Silver,Colour,White,,,GLBR-0112-925-W,9.35,,,deny,manual,180287,,TRUE,TRUE,,,,,,,,https://raw.githubusercontent.com/reshabhdatta/Velonna/main/products/bracelets/GLBR-0112/GLBR-0112-reference.png,g,175036,
lab-grown-diamond-bracelet-glbr-0112,,,,,,,Metal,925 Silver,Colour,Yellow,,,GLBR-0112-925-Y,9.35,,,deny,manual,180287,,TRUE,TRUE,,,,,,,,https://raw.githubusercontent.com/reshabhdatta/Velonna/main/products/bracelets/GLBR-0112/GLBR-0112-reference.png,g,175036,
lab-grown-diamond-bracelet-glbr-0112,,,,,,,Metal,9K Gold,Colour,Rose,,,GLBR-0112-9K-R,10.45,,,deny,manual,242295,,TRUE,TRUE,,,,,,,,https://raw.githubusercontent.com/reshabhdatta/Velonna/main/products/bracelets/GLBR-0112/GLBR-0112-reference.png,g,235238,
lab-grown-diamond-bracelet-glbr-0112,,,,,,,Metal,9K Gold,Colour,White,,,GLBR-0112-9K-W,10.45,,,deny,manual,242295,,TRUE,TRUE,,,,,,,,https://raw.githubusercontent.com/reshabhdatta/Velonna/main/products/bracelets/GLBR-0112/GLBR-0112-reference.png,g,235238,
lab-grown-diamond-bracelet-glbr-0112,,,,,,,Metal,9K Gold,Colour,Yellow,,,GLBR-0112-9K-Y,10.45,,,deny,manual,242295,,TRUE,TRUE,,,,,,,,https://raw.githubusercontent.com/reshabhdatta/Velonna/main/products/bracelets/GLBR-0112/GLBR-0112-reference.png,g,235238,
lab-grown-diamond-bracelet-glbr-0112,,,,,,,Metal,14K Gold,Colour,Rose,,,GLBR-0112-14K-R,11.6875,,,deny,manual,290712,,TRUE,TRUE,,,,,,,,https://raw.githubusercontent.com/reshabhdatta/Velonna/main/products/bracelets/GLBR-0112/GLBR-0112-reference.png,g,282245,
lab-grown-diamond-bracelet-glbr-0112,,,,,,,Metal,14K Gold,Colour,White,,,GLBR-0112-14K-W,11.6875,,,deny,manual,290712,,TRUE,TRUE,,,,,,,,https://raw.githubusercontent.com/reshabhdatta/Velonna/main/products/bracelets/GLBR-0112/GLBR-0112-reference.png,g,282245,
lab-grown-diamond-bracelet-glbr-0112,,,,,,,Metal,14K Gold,Colour,Yellow,,,GLBR-0112-14K-Y,11.6875,,,deny,manual,290712,,TRUE,TRUE,,,,,,,,https://raw.githubusercontent.com/reshabhdatta/Velonna/main/products/bracelets/GLBR-0112/GLBR-0112-reference.png,g,282245,
lab-grown-diamond-bracelet-glbr-0112,,,,,,,Metal,18K Gold,Colour,Rose,,,GLBR-0112-18K-R,13.75,,,deny,manual,350208,,TRUE,TRUE,,,,,,,,https://raw.githubusercontent.com/reshabhdatta/Velonna/main/products/bracelets/GLBR-0112/GLBR-0112-reference.png,g,340008,
lab-grown-diamond-bracelet-glbr-0112,,,,,,,Metal,18K Gold,Colour,White,,,GLBR-0112-18K-W,13.75,,,deny,manual,350208,,TRUE,TRUE,,,,,,,,https://raw.githubusercontent.com/reshabhdatta/Velonna/main/products/bracelets/GLBR-0112/GLBR-0112-reference.png,g,340008,
lab-grown-diamond-bracelet-glbr-0112,,,,,,,Metal,18K Gold,Colour,Yellow,,,GLBR-0112-18K-Y,13.75,,,deny,manual,350208,,TRUE,TRUE,,,,,,,,https://raw.githubusercontent.com/reshabhdatta/Velonna/main/products/bracelets/GLBR-0112/GLBR-0112-reference.png,g,340008,
lab-grown-diamond-bracelet-glbr-0113,Lab-Grown Diamond Bracelet GLBR-0113,"<p>A lab-grown diamond bracelet by Velonna Jewels, reference GLBR-0113. Total diamond weight is approximately 8.96 ct across 28 stones. Available in 925 silver, 9K, 14K, or 18K gold with rose, white, or yellow metal colour.</p><p>Made to order. Final specifications and lead time are confirmed by our team.</p>",Velonna Jewels,Lab Grown Diamond Bracelet,"Lab Grown Diamonds, Unisex, Bracelet",TRUE,Metal,925 Silver,Colour,Rose,,,GLBR-0113-925-R,13.498,,,deny,manual,416806,,TRUE,TRUE,,https://raw.githubusercontent.com/reshabhdatta/Velonna/main/products/bracelets/GLBR-0113/GLBR-0113-reference.png,1,Lab-Grown Diamond Bracelet GLBR-0113 in rose metal,FALSE,Lab-Grown Diamond Bracelet GLBR-0113,Lab-Grown Diamond Bracelet GLBR-0113 with 8.96 ct lab-grown diamonds. Made to order by Velonna Jewels.,https://raw.githubusercontent.com/reshabhdatta/Velonna/main/products/bracelets/GLBR-0113/GLBR-0113-reference.png,g,404666,active
lab-grown-diamond-bracelet-glbr-0113,,,,,,,Metal,925 Silver,Colour,White,,,GLBR-0113-925-W,13.498,,,deny,manual,416806,,TRUE,TRUE,,,,,,,,https://raw.githubusercontent.com/reshabhdatta/Velonna/main/products/bracelets/GLBR-0113/GLBR-0113-reference.png,g,404666,
lab-grown-diamond-bracelet-glbr-0113,,,,,,,Metal,925 Silver,Colour,Yellow,,,GLBR-0113-925-Y,13.498,,,deny,manual,416806,,TRUE,TRUE,,,,,,,,https://raw.githubusercontent.com/reshabhdatta/Velonna/main/products/bracelets/GLBR-0113/GLBR-0113-reference.png,g,404666,
lab-grown-diamond-bracelet-glbr-0113,,,,,,,Metal,9K Gold,Colour,Rose,,,GLBR-0113-9K-R,15.086,,,deny,manual,506324,,TRUE,TRUE,,,,,,,,https://raw.githubusercontent.com/reshabhdatta/Velonna/main/products/bracelets/GLBR-0113/GLBR-0113-reference.png,g,491577,
lab-grown-diamond-bracelet-glbr-0113,,,,,,,Metal,9K Gold,Colour,White,,,GLBR-0113-9K-W,15.086,,,deny,manual,506324,,TRUE,TRUE,,,,,,,,https://raw.githubusercontent.com/reshabhdatta/Velonna/main/products/bracelets/GLBR-0113/GLBR-0113-reference.png,g,491577,
lab-grown-diamond-bracelet-glbr-0113,,,,,,,Metal,9K Gold,Colour,Yellow,,,GLBR-0113-9K-Y,15.086,,,deny,manual,506324,,TRUE,TRUE,,,,,,,,https://raw.githubusercontent.com/reshabhdatta/Velonna/main/products/bracelets/GLBR-0113/GLBR-0113-reference.png,g,491577,
lab-grown-diamond-bracelet-glbr-0113,,,,,,,Metal,14K Gold,Colour,Rose,,,GLBR-0113-14K-R,16.8725,,,deny,manual,576220,,TRUE,TRUE,,,,,,,,https://raw.githubusercontent.com/reshabhdatta/Velonna/main/products/bracelets/GLBR-0113/GLBR-0113-reference.png,g,559437,
lab-grown-diamond-bracelet-glbr-0113,,,,,,,Metal,14K Gold,Colour,White,,,GLBR-0113-14K-W,16.8725,,,deny,manual,576220,,TRUE,TRUE,,,,,,,,https://raw.githubusercontent.com/reshabhdatta/Velonna/main/products/bracelets/GLBR-0113/GLBR-0113-reference.png,g,559437,
lab-grown-diamond-bracelet-glbr-0113,,,,,,,Metal,14K Gold,Colour,Yellow,,,GLBR-0113-14K-Y,16.8725,,,deny,manual,576220,,TRUE,TRUE,,,,,,,,https://raw.githubusercontent.com/reshabhdatta/Velonna/main/products/bracelets/GLBR-0113/GLBR-0113-reference.png,g,559437,
lab-grown-diamond-bracelet-glbr-0113,,,,,,,Metal,18K Gold,Colour,Rose,,,GLBR-0113-18K-R,19.85,,,deny,manual,662112,,TRUE,TRUE,,,,,,,,https://raw.githubusercontent.com/reshabhdatta/Velonna/main/products/bracelets/GLBR-0113/GLBR-0113-reference.png,g,642827,
lab-grown-diamond-bracelet-glbr-0113,,,,,,,Metal,18K Gold,Colour,White,,,GLBR-0113-18K-W,19.85,,,deny,manual,662112,,TRUE,TRUE,,,,,,,,https://raw.githubusercontent.com/reshabhdatta/Velonna/main/products/bracelets/GLBR-0113/GLBR-0113-reference.png,g,642827,
lab-grown-diamond-bracelet-glbr-0113,,,,,,,Metal,18K Gold,Colour,Yellow,,,GLBR-0113-18K-Y,19.85,,,deny,manual,662112,,TRUE,TRUE,,,,,,,,https://raw.githubusercontent.com/reshabhdatta/Velonna/main/products/bracelets/GLBR-0113/GLBR-0113-reference.png,g,642827,
lab-grown-diamond-bracelet-glbr-0116,Lab-Grown Diamond Bracelet GLBR-0116,"<p>A lab-grown diamond bracelet by Velonna Jewels, reference GLBR-0116. Total diamond weight is approximately 4.997 ct across 767 stones. Available in 925 silver, 9K, 14K, or 18K gold with rose, white, or yellow metal colour.</p><p>Made to order. Final specifications and lead time are confirmed by our team.</p>",Velonna Jewels,Lab Grown Diamond Bracelet,"Lab Grown Diamonds, Unisex, Bracelet",TRUE,Metal,925 Silver,Colour,Rose,,,GLBR-0116-925-R,9.35,,,deny,manual,236395,,TRUE,TRUE,,https://raw.githubusercontent.com/reshabhdatta/Velonna/main/products/bracelets/GLBR-0116/GLBR-0116-reference.png,1,Lab-Grown Diamond Bracelet GLBR-0116 in rose metal,FALSE,Lab-Grown Diamond Bracelet GLBR-0116,Lab-Grown Diamond Bracelet GLBR-0116 with 4.997 ct lab-grown diamonds. Made to order by Velonna Jewels.,https://raw.githubusercontent.com/reshabhdatta/Velonna/main/products/bracelets/GLBR-0116/GLBR-0116-reference.png,g,229510,active
lab-grown-diamond-bracelet-glbr-0116,,,,,,,Metal,925 Silver,Colour,White,,,GLBR-0116-925-W,9.35,,,deny,manual,236395,,TRUE,TRUE,,,,,,,,https://raw.githubusercontent.com/reshabhdatta/Velonna/main/products/bracelets/GLBR-0116/GLBR-0116-reference.png,g,229510,
lab-grown-diamond-bracelet-glbr-0116,,,,,,,Metal,925 Silver,Colour,Yellow,,,GLBR-0116-925-Y,9.35,,,deny,manual,236395,,TRUE,TRUE,,,,,,,,https://raw.githubusercontent.com/reshabhdatta/Velonna/main/products/bracelets/GLBR-0116/GLBR-0116-reference.png,g,229510,
lab-grown-diamond-bracelet-glbr-0116,,,,,,,Metal,9K Gold,Colour,Rose,,,GLBR-0116-9K-R,10.45,,,deny,manual,298403,,TRUE,TRUE,,,,,,,,https://raw.githubusercontent.com/reshabhdatta/Velonna/main/products/bracelets/GLBR-0116/GLBR-0116-reference.png,g,289712,
lab-grown-diamond-bracelet-glbr-0116,,,,,,,Metal,9K Gold,Colour,White,,,GLBR-0116-9K-W,10.45,,,deny,manual,298403,,TRUE,TRUE,,,,,,,,https://raw.githubusercontent.com/reshabhdatta/Velonna/main/products/bracelets/GLBR-0116/GLBR-0116-reference.png,g,289712,
lab-grown-diamond-bracelet-glbr-0116,,,,,,,Metal,9K Gold,Colour,Yellow,,,GLBR-0116-9K-Y,10.45,,,deny,manual,298403,,TRUE,TRUE,,,,,,,,https://raw.githubusercontent.com/reshabhdatta/Velonna/main/products/bracelets/GLBR-0116/GLBR-0116-reference.png,g,289712,
lab-grown-diamond-bracelet-glbr-0116,,,,,,,Metal,14K Gold,Colour,Rose,,,GLBR-0116-14K-R,11.6875,,,deny,manual,346821,,TRUE,TRUE,,,,,,,,https://raw.githubusercontent.com/reshabhdatta/Velonna/main/products/bracelets/GLBR-0116/GLBR-0116-reference.png,g,336719,
lab-grown-diamond-bracelet-glbr-0116,,,,,,,Metal,14K Gold,Colour,White,,,GLBR-0116-14K-W,11.6875,,,deny,manual,346821,,TRUE,TRUE,,,,,,,,https://raw.githubusercontent.com/reshabhdatta/Velonna/main/products/bracelets/GLBR-0116/GLBR-0116-reference.png,g,336719,
lab-grown-diamond-bracelet-glbr-0116,,,,,,,Metal,14K Gold,Colour,Yellow,,,GLBR-0116-14K-Y,11.6875,,,deny,manual,346821,,TRUE,TRUE,,,,,,,,https://raw.githubusercontent.com/reshabhdatta/Velonna/main/products/bracelets/GLBR-0116/GLBR-0116-reference.png,g,336719,
lab-grown-diamond-bracelet-glbr-0116,,,,,,,Metal,18K Gold,Colour,Rose,,,GLBR-0116-18K-R,13.75,,,deny,manual,406316,,TRUE,TRUE,,,,,,,,https://raw.githubusercontent.com/reshabhdatta/Velonna/main/products/bracelets/GLBR-0116/GLBR-0116-reference.png,g,394482,
lab-grown-diamond-bracelet-glbr-0116,,,,,,,Metal,18K Gold,Colour,White,,,GLBR-0116-18K-W,13.75,,,deny,manual,406316,,TRUE,TRUE,,,,,,,,https://raw.githubusercontent.com/reshabhdatta/Velonna/main/products/bracelets/GLBR-0116/GLBR-0116-reference.png,g,394482,
lab-grown-diamond-bracelet-glbr-0116,,,,,,,Metal,18K Gold,Colour,Yellow,,,GLBR-0116-18K-Y,13.75,,,deny,manual,406316,,TRUE,TRUE,,,,,,,,https://raw.githubusercontent.com/reshabhdatta/Velonna/main/products/bracelets/GLBR-0116/GLBR-0116-reference.png,g,394482,
lab-grown-diamond-pendant-42-360006n,Lab-Grown Diamond Pendant 42#360006N,"<p>A lab-grown diamond pendant by Velonna Jewels, reference 42#360006N. Total diamond weight is approximately 0.31 ct across 1 stone. Available in 925 silver, 9K, 14K, or 18K gold with rose, white, or yellow metal colour.</p><p>Made to order. Final specifications and lead time are confirmed by our team.</p>",Velonna Jewels,Lab Grown Diamond Pendant,"Lab Grown Diamonds, Unisex, Pendant",TRUE,Metal,925 Silver,Colour,Rose,,,42#360006N-925-R,0.272,,,deny,manual,13999,,TRUE,TRUE,,https://raw.githubusercontent.com/reshabhdatta/Velonna/main/products/pendants/42-360006N/42-360006N-reference.png,1,Lab-Grown Diamond Pendant 42#360006N in rose metal,FALSE,Lab-Grown Diamond Pendant 42#360006N,Lab-Grown Diamond Pendant 42#360006N with 0.31 ct lab-grown diamonds. Made to order by Velonna Jewels.,https://raw.githubusercontent.com/reshabhdatta/Velonna/main/products/pendants/42-360006N/42-360006N-reference.png,g,13591,active
lab-grown-diamond-pendant-42-360006n,,,,,,,Metal,925 Silver,Colour,White,,,42#360006N-925-W,0.272,,,deny,manual,13999,,TRUE,TRUE,,,,,,,,https://raw.githubusercontent.com/reshabhdatta/Velonna/main/products/pendants/42-360006N/42-360006N-reference.png,g,13591,
lab-grown-diamond-pendant-42-360006n,,,,,,,Metal,925 Silver,Colour,Yellow,,,42#360006N-925-Y,0.272,,,deny,manual,13999,,TRUE,TRUE,,,,,,,,https://raw.githubusercontent.com/reshabhdatta/Velonna/main/products/pendants/42-360006N/42-360006N-reference.png,g,13591,
lab-grown-diamond-pendant-42-360006n,,,,,,,Metal,9K Gold,Colour,Rose,,,42#360006N-9K-R,0.304,,,deny,manual,15802,,TRUE,TRUE,,,,,,,,https://raw.githubusercontent.com/reshabhdatta/Velonna/main/products/pendants/42-360006N/42-360006N-reference.png,g,15342,
lab-grown-diamond-pendant-42-360006n,,,,,,,Metal,9K Gold,Colour,White,,,42#360006N-9K-W,0.304,,,deny,manual,15802,,TRUE,TRUE,,,,,,,,https://raw.githubusercontent.com/reshabhdatta/Velonna/main/products/pendants/42-360006N/42-360006N-reference.png,g,15342,
lab-grown-diamond-pendant-42-360006n,,,,,,,Metal,9K Gold,Colour,Yellow,,,42#360006N-9K-Y,0.304,,,deny,manual,15802,,TRUE,TRUE,,,,,,,,https://raw.githubusercontent.com/reshabhdatta/Velonna/main/products/pendants/42-360006N/42-360006N-reference.png,g,15342,
lab-grown-diamond-pendant-42-360006n,,,,,,,Metal,14K Gold,Colour,Rose,,,42#360006N-14K-R,0.34,,,deny,manual,17211,,TRUE,TRUE,,,,,,,,https://raw.githubusercontent.com/reshabhdatta/Velonna/main/products/pendants/42-360006N/42-360006N-reference.png,g,16710,
lab-grown-diamond-pendant-42-360006n,,,,,,,Metal,14K Gold,Colour,White,,,42#360006N-14K-W,0.34,,,deny,manual,17211,,TRUE,TRUE,,,,,,,,https://raw.githubusercontent.com/reshabhdatta/Velonna/main/products/pendants/42-360006N/42-360006N-reference.png,g,16710,
lab-grown-diamond-pendant-42-360006n,,,,,,,Metal,14K Gold,Colour,Yellow,,,42#360006N-14K-Y,0.34,,,deny,manual,17211,,TRUE,TRUE,,,,,,,,https://raw.githubusercontent.com/reshabhdatta/Velonna/main/products/pendants/42-360006N/42-360006N-reference.png,g,16710,
lab-grown-diamond-pendant-42-360006n,,,,,,,Metal,18K Gold,Colour,Rose,,,42#360006N-18K-R,0.4,,,deny,manual,18942,,TRUE,TRUE,,,,,,,,https://raw.githubusercontent.com/reshabhdatta/Velonna/main/products/pendants/42-360006N/42-360006N-reference.png,g,18390,
lab-grown-diamond-pendant-42-360006n,,,,,,,Metal,18K Gold,Colour,White,,,42#360006N-18K-W,0.4,,,deny,manual,18942,,TRUE,TRUE,,,,,,,,https://raw.githubusercontent.com/reshabhdatta/Velonna/main/products/pendants/42-360006N/42-360006N-reference.png,g,18390,
lab-grown-diamond-pendant-42-360006n,,,,,,,Metal,18K Gold,Colour,Yellow,,,42#360006N-18K-Y,0.4,,,deny,manual,18942,,TRUE,TRUE,,,,,,,,https://raw.githubusercontent.com/reshabhdatta/Velonna/main/products/pendants/42-360006N/42-360006N-reference.png,g,18390,
lab-grown-diamond-pendant-42-360007n,Lab-Grown Diamond Pendant 42#360007N,"<p>A lab-grown diamond pendant by Velonna Jewels, reference 42#360007N. Total diamond weight is approximately 0.74 ct across 1 stone. Available in 925 silver, 9K, 14K, or 18K gold with rose, white, or yellow metal colour.</p><p>Made to order. Final specifications and lead time are confirmed by our team.</p>",Velonna Jewels,Lab Grown Diamond Pendant,"Lab Grown Diamonds, Unisex, Pendant",TRUE,Metal,925 Silver,Colour,Rose,,,42#360007N-925-R,0.034,,,deny,manual,32087,,TRUE,TRUE,,https://raw.githubusercontent.com/reshabhdatta/Velonna/main/products/pendants/42-360007N/42-360007N-reference.png,1,Lab-Grown Diamond Pendant 42#360007N in rose metal,FALSE,Lab-Grown Diamond Pendant 42#360007N,Lab-Grown Diamond Pendant 42#360007N with 0.74 ct lab-grown diamonds. Made to order by Velonna Jewels.,https://raw.githubusercontent.com/reshabhdatta/Velonna/main/products/pendants/42-360007N/42-360007N-reference.png,g,31152,active
lab-grown-diamond-pendant-42-360007n,,,,,,,Metal,925 Silver,Colour,White,,,42#360007N-925-W,0.034,,,deny,manual,32087,,TRUE,TRUE,,,,,,,,https://raw.githubusercontent.com/reshabhdatta/Velonna/main/products/pendants/42-360007N/42-360007N-reference.png,g,31152,
lab-grown-diamond-pendant-42-360007n,,,,,,,Metal,925 Silver,Colour,Yellow,,,42#360007N-925-Y,0.034,,,deny,manual,32087,,TRUE,TRUE,,,,,,,,https://raw.githubusercontent.com/reshabhdatta/Velonna/main/products/pendants/42-360007N/42-360007N-reference.png,g,31152,
lab-grown-diamond-pendant-42-360007n,,,,,,,Metal,9K Gold,Colour,Rose,,,42#360007N-9K-R,0.038,,,deny,manual,32311,,TRUE,TRUE,,,,,,,,https://raw.githubusercontent.com/reshabhdatta/Velonna/main/products/pendants/42-360007N/42-360007N-reference.png,g,31370,
lab-grown-diamond-pendant-42-360007n,,,,,,,Metal,9K Gold,Colour,White,,,42#360007N-9K-W,0.038,,,deny,manual,32311,,TRUE,TRUE,,,,,,,,https://raw.githubusercontent.com/reshabhdatta/Velonna/main/products/pendants/42-360007N/42-360007N-reference.png,g,31370,
lab-grown-diamond-pendant-42-360007n,,,,,,,Metal,9K Gold,Colour,Yellow,,,42#360007N-9K-Y,0.038,,,deny,manual,32311,,TRUE,TRUE,,,,,,,,https://raw.githubusercontent.com/reshabhdatta/Velonna/main/products/pendants/42-360007N/42-360007N-reference.png,g,31370,
lab-grown-diamond-pendant-42-360007n,,,,,,,Metal,14K Gold,Colour,Rose,,,42#360007N-14K-R,0.0425,,,deny,manual,32488,,TRUE,TRUE,,,,,,,,https://raw.githubusercontent.com/reshabhdatta/Velonna/main/products/pendants/42-360007N/42-360007N-reference.png,g,31542,
lab-grown-diamond-pendant-42-360007n,,,,,,,Metal,14K Gold,Colour,White,,,42#360007N-14K-W,0.0425,,,deny,manual,32488,,TRUE,TRUE,,,,,,,,https://raw.githubusercontent.com/reshabhdatta/Velonna/main/products/pendants/42-360007N/42-360007N-reference.png,g,31542,
lab-grown-diamond-pendant-42-360007n,,,,,,,Metal,14K Gold,Colour,Yellow,,,42#360007N-14K-Y,0.0425,,,deny,manual,32488,,TRUE,TRUE,,,,,,,,https://raw.githubusercontent.com/reshabhdatta/Velonna/main/products/pendants/42-360007N/42-360007N-reference.png,g,31542,
lab-grown-diamond-pendant-42-360007n,,,,,,,Metal,18K Gold,Colour,Rose,,,42#360007N-18K-R,0.05,,,deny,manual,32705,,TRUE,TRUE,,,,,,,,https://raw.githubusercontent.com/reshabhdatta/Velonna/main/products/pendants/42-360007N/42-360007N-reference.png,g,31752,
lab-grown-diamond-pendant-42-360007n,,,,,,,Metal,18K Gold,Colour,White,,,42#360007N-18K-W,0.05,,,deny,manual,32705,,TRUE,TRUE,,,,,,,,https://raw.githubusercontent.com/reshabhdatta/Velonna/main/products/pendants/42-360007N/42-360007N-reference.png,g,31752,
lab-grown-diamond-pendant-42-360007n,,,,,,,Metal,18K Gold,Colour,Yellow,,,42#360007N-18K-Y,0.05,,,deny,manual,32705,,TRUE,TRUE,,,,,,,,https://raw.githubusercontent.com/reshabhdatta/Velonna/main/products/pendants/42-360007N/42-360007N-reference.png,g,31752,
lab-grown-diamond-pendant-42-360008n,Lab-Grown Diamond Pendant 42#360008N,"<p>A lab-grown diamond pendant by Velonna Jewels, reference 42#360008N. Total diamond weight is approximately 0.98 ct across 2 stones. Available in 925 silver, 9K, 14K, or 18K gold with rose, white, or yellow metal colour.</p><p>Made to order. Final specifications and lead time are confirmed by our team.</p>",Velonna Jewels,Lab Grown Diamond Pendant,"Lab Grown Diamonds, Unisex, Pendant",TRUE,Metal,925 Silver,Colour,Rose,,,42#360008N-925-R,1.836,,,deny,manual,46366,,TRUE,TRUE,,https://raw.githubusercontent.com/reshabhdatta/Velonna/main/products/pendants/42-360008N/42-360008N-reference.png,1,Lab-Grown Diamond Pendant 42#360008N in rose metal,FALSE,Lab-Grown Diamond Pendant 42#360008N,Lab-Grown Diamond Pendant 42#360008N with 0.98 ct lab-grown diamonds. Made to order by Velonna Jewels.,https://raw.githubusercontent.com/reshabhdatta/Velonna/main/products/pendants/42-360008N/42-360008N-reference.png,g,45016,active
lab-grown-diamond-pendant-42-360008n,,,,,,,Metal,925 Silver,Colour,White,,,42#360008N-925-W,1.836,,,deny,manual,46366,,TRUE,TRUE,,,,,,,,https://raw.githubusercontent.com/reshabhdatta/Velonna/main/products/pendants/42-360008N/42-360008N-reference.png,g,45016,
lab-grown-diamond-pendant-42-360008n,,,,,,,Metal,925 Silver,Colour,Yellow,,,42#360008N-925-Y,1.836,,,deny,manual,46366,,TRUE,TRUE,,,,,,,,https://raw.githubusercontent.com/reshabhdatta/Velonna/main/products/pendants/42-360008N/42-360008N-reference.png,g,45016,
lab-grown-diamond-pendant-42-360008n,,,,,,,Metal,9K Gold,Colour,Rose,,,42#360008N-9K-R,2.052,,,deny,manual,58542,,TRUE,TRUE,,,,,,,,https://raw.githubusercontent.com/reshabhdatta/Velonna/main/products/pendants/42-360008N/42-360008N-reference.png,g,56837,
lab-grown-diamond-pendant-42-360008n,,,,,,,Metal,9K Gold,Colour,White,,,42#360008N-9K-W,2.052,,,deny,manual,58542,,TRUE,TRUE,,,,,,,,https://raw.githubusercontent.com/reshabhdatta/Velonna/main/products/pendants/42-360008N/42-360008N-reference.png,g,56837,
lab-grown-diamond-pendant-42-360008n,,,,,,,Metal,9K Gold,Colour,Yellow,,,42#360008N-9K-Y,2.052,,,deny,manual,58542,,TRUE,TRUE,,,,,,,,https://raw.githubusercontent.com/reshabhdatta/Velonna/main/products/pendants/42-360008N/42-360008N-reference.png,g,56837,
lab-grown-diamond-pendant-42-360008n,,,,,,,Metal,14K Gold,Colour,Rose,,,42#360008N-14K-R,2.295,,,deny,manual,68050,,TRUE,TRUE,,,,,,,,https://raw.githubusercontent.com/reshabhdatta/Velonna/main/products/pendants/42-360008N/42-360008N-reference.png,g,66068,
lab-grown-diamond-pendant-42-360008n,,,,,,,Metal,14K Gold,Colour,White,,,42#360008N-14K-W,2.295,,,deny,manual,68050,,TRUE,TRUE,,,,,,,,https://raw.githubusercontent.com/reshabhdatta/Velonna/main/products/pendants/42-360008N/42-360008N-reference.png,g,66068,
lab-grown-diamond-pendant-42-360008n,,,,,,,Metal,14K Gold,Colour,Yellow,,,42#360008N-14K-Y,2.295,,,deny,manual,68050,,TRUE,TRUE,,,,,,,,https://raw.githubusercontent.com/reshabhdatta/Velonna/main/products/pendants/42-360008N/42-360008N-reference.png,g,66068,
lab-grown-diamond-pendant-42-360008n,,,,,,,Metal,18K Gold,Colour,Rose,,,42#360008N-18K-R,2.7,,,deny,manual,79732,,TRUE,TRUE,,,,,,,,https://raw.githubusercontent.com/reshabhdatta/Velonna/main/products/pendants/42-360008N/42-360008N-reference.png,g,77410,
lab-grown-diamond-pendant-42-360008n,,,,,,,Metal,18K Gold,Colour,White,,,42#360008N-18K-W,2.7,,,deny,manual,79732,,TRUE,TRUE,,,,,,,,https://raw.githubusercontent.com/reshabhdatta/Velonna/main/products/pendants/42-360008N/42-360008N-reference.png,g,77410,
lab-grown-diamond-pendant-42-360008n,,,,,,,Metal,18K Gold,Colour,Yellow,,,42#360008N-18K-Y,2.7,,,deny,manual,79732,,TRUE,TRUE,,,,,,,,https://raw.githubusercontent.com/reshabhdatta/Velonna/main/products/pendants/42-360008N/42-360008N-reference.png,g,77410,
lab-grown-diamond-pendant-42-360009n,Lab-Grown Diamond Pendant 42#360009N,"<p>A lab-grown diamond pendant by Velonna Jewels, reference 42#360009N. Total diamond weight is approximately 0.6 ct across 99 stones. Available in 925 silver, 9K, 14K, or 18K gold with rose, white, or yellow metal colour.</p><p>Made to order. Final specifications and lead time are confirmed by our team.</p>",Velonna Jewels,Lab Grown Diamond Pendant,"Lab Grown Diamonds, Unisex, Pendant",TRUE,Metal,925 Silver,Colour,Rose,,,42#360009N-925-R,1.054,,,deny,manual,28236,,TRUE,TRUE,,https://raw.githubusercontent.com/reshabhdatta/Velonna/main/products/pendants/42-360009N/42-360009N-reference.png,1,Lab-Grown Diamond Pendant 42#360009N in rose metal,FALSE,Lab-Grown Diamond Pendant 42#360009N,Lab-Grown Diamond Pendant 42#360009N with 0.6 ct lab-grown diamonds. Made to order by Velonna Jewels.,https://raw.githubusercontent.com/reshabhdatta/Velonna/main/products/pendants/42-360009N/42-360009N-reference.png,g,27414,active
lab-grown-diamond-pendant-42-360009n,,,,,,,Metal,925 Silver,Colour,White,,,42#360009N-925-W,1.054,,,deny,manual,28236,,TRUE,TRUE,,,,,,,,https://raw.githubusercontent.com/reshabhdatta/Velonna/main/products/pendants/42-360009N/42-360009N-reference.png,g,27414,
lab-grown-diamond-pendant-42-360009n,,,,,,,Metal,925 Silver,Colour,Yellow,,,42#360009N-925-Y,1.054,,,deny,manual,28236,,TRUE,TRUE,,,,,,,,https://raw.githubusercontent.com/reshabhdatta/Velonna/main/products/pendants/42-360009N/42-360009N-reference.png,g,27414,
lab-grown-diamond-pendant-42-360009n,,,,,,,Metal,9K Gold,Colour,Rose,,,42#360009N-9K-R,1.178,,,deny,manual,35226,,TRUE,TRUE,,,,,,,,https://raw.githubusercontent.com/reshabhdatta/Velonna/main/products/pendants/42-360009N/42-360009N-reference.png,g,34200,
lab-grown-diamond-pendant-42-360009n,,,,,,,Metal,9K Gold,Colour,White,,,42#360009N-9K-W,1.178,,,deny,manual,35226,,TRUE,TRUE,,,,,,,,https://raw.githubusercontent.com/reshabhdatta/Velonna/main/products/pendants/42-360009N/42-360009N-reference.png,g,34200,
lab-grown-diamond-pendant-42-360009n,,,,,,,Metal,9K Gold,Colour,Yellow,,,42#360009N-9K-Y,1.178,,,deny,manual,35226,,TRUE,TRUE,,,,,,,,https://raw.githubusercontent.com/reshabhdatta/Velonna/main/products/pendants/42-360009N/42-360009N-reference.png,g,34200,
lab-grown-diamond-pendant-42-360009n,,,,,,,Metal,14K Gold,Colour,Rose,,,42#360009N-14K-R,1.3175,,,deny,manual,40683,,TRUE,TRUE,,,,,,,,https://raw.githubusercontent.com/reshabhdatta/Velonna/main/products/pendants/42-360009N/42-360009N-reference.png,g,39498,
lab-grown-diamond-pendant-42-360009n,,,,,,,Metal,14K Gold,Colour,White,,,42#360009N-14K-W,1.3175,,,deny,manual,40683,,TRUE,TRUE,,,,,,,,https://raw.githubusercontent.com/reshabhdatta/Velonna/main/products/pendants/42-360009N/42-360009N-reference.png,g,39498,
lab-grown-diamond-pendant-42-360009n,,,,,,,Metal,14K Gold,Colour,Yellow,,,42#360009N-14K-Y,1.3175,,,deny,manual,40683,,TRUE,TRUE,,,,,,,,https://raw.githubusercontent.com/reshabhdatta/Velonna/main/products/pendants/42-360009N/42-360009N-reference.png,g,39498,
lab-grown-diamond-pendant-42-360009n,,,,,,,Metal,18K Gold,Colour,Rose,,,42#360009N-18K-R,1.55,,,deny,manual,47391,,TRUE,TRUE,,,,,,,,https://raw.githubusercontent.com/reshabhdatta/Velonna/main/products/pendants/42-360009N/42-360009N-reference.png,g,46011,
lab-grown-diamond-pendant-42-360009n,,,,,,,Metal,18K Gold,Colour,White,,,42#360009N-18K-W,1.55,,,deny,manual,47391,,TRUE,TRUE,,,,,,,,https://raw.githubusercontent.com/reshabhdatta/Velonna/main/products/pendants/42-360009N/42-360009N-reference.png,g,46011,
lab-grown-diamond-pendant-42-360009n,,,,,,,Metal,18K Gold,Colour,Yellow,,,42#360009N-18K-Y,1.55,,,deny,manual,47391,,TRUE,TRUE,,,,,,,,https://raw.githubusercontent.com/reshabhdatta/Velonna/main/products/pendants/42-360009N/42-360009N-reference.png,g,46011,
lab-grown-diamond-pendant-42-360010n,Lab-Grown Diamond Pendant 42#360010N,"<p>A lab-grown diamond pendant by Velonna Jewels, reference 42#360010N. Total diamond weight is approximately 0.205 ct across 14 stones. Available in 925 silver, 9K, 14K, or 18K gold with rose, white, or yellow metal colour.</p><p>Made to order. Final specifications and lead time are confirmed by our team.</p>",Velonna Jewels,Lab Grown Diamond Pendant,"Lab Grown Diamonds, Unisex, Pendant",TRUE,Metal,925 Silver,Colour,Rose,,,42#360010N-925-R,0.544,,,deny,manual,10045,,TRUE,TRUE,,https://raw.githubusercontent.com/reshabhdatta/Velonna/main/products/pendants/42-360010N/42-360010N-reference.png,1,Lab-Grown Diamond Pendant 42#360010N in rose metal,FALSE,Lab-Grown Diamond Pendant 42#360010N,Lab-Grown Diamond Pendant 42#360010N with 0.205 ct lab-grown diamonds. Made to order by Velonna Jewels.,https://raw.githubusercontent.com/reshabhdatta/Velonna/main/products/pendants/42-360010N/42-360010N-reference.png,g,9752,active
lab-grown-diamond-pendant-42-360010n,,,,,,,Metal,925 Silver,Colour,White,,,42#360010N-925-W,0.544,,,deny,manual,10045,,TRUE,TRUE,,,,,,,,https://raw.githubusercontent.com/reshabhdatta/Velonna/main/products/pendants/42-360010N/42-360010N-reference.png,g,9752,
lab-grown-diamond-pendant-42-360010n,,,,,,,Metal,925 Silver,Colour,Yellow,,,42#360010N-925-Y,0.544,,,deny,manual,10045,,TRUE,TRUE,,,,,,,,https://raw.githubusercontent.com/reshabhdatta/Velonna/main/products/pendants/42-360010N/42-360010N-reference.png,g,9752,
lab-grown-diamond-pendant-42-360010n,,,,,,,Metal,9K Gold,Colour,Rose,,,42#360010N-9K-R,0.608,,,deny,manual,13653,,TRUE,TRUE,,,,,,,,https://raw.githubusercontent.com/reshabhdatta/Velonna/main/products/pendants/42-360010N/42-360010N-reference.png,g,13255,
lab-grown-diamond-pendant-42-360010n,,,,,,,Metal,9K Gold,Colour,White,,,42#360010N-9K-W,0.608,,,deny,manual,13653,,TRUE,TRUE,,,,,,,,https://raw.githubusercontent.com/reshabhdatta/Velonna/main/products/pendants/42-360010N/42-360010N-reference.png,g,13255,
lab-grown-diamond-pendant-42-360010n,,,,,,,Metal,9K Gold,Colour,Yellow,,,42#360010N-9K-Y,0.608,,,deny,manual,13653,,TRUE,TRUE,,,,,,,,https://raw.githubusercontent.com/reshabhdatta/Velonna/main/products/pendants/42-360010N/42-360010N-reference.png,g,13255,
lab-grown-diamond-pendant-42-360010n,,,,,,,Metal,14K Gold,Colour,Rose,,,42#360010N-14K-R,0.68,,,deny,manual,16470,,TRUE,TRUE,,,,,,,,https://raw.githubusercontent.com/reshabhdatta/Velonna/main/products/pendants/42-360010N/42-360010N-reference.png,g,15990,
lab-grown-diamond-pendant-42-360010n,,,,,,,Metal,14K Gold,Colour,White,,,42#360010N-14K-W,0.68,,,deny,manual,16470,,TRUE,TRUE,,,,,,,,https://raw.githubusercontent.com/reshabhdatta/Velonna/main/products/pendants/42-360010N/42-360010N-reference.png,g,15990,
lab-grown-diamond-pendant-42-360010n,,,,,,,Metal,14K Gold,Colour,Yellow,,,42#360010N-14K-Y,0.68,,,deny,manual,16470,,TRUE,TRUE,,,,,,,,https://raw.githubusercontent.com/reshabhdatta/Velonna/main/products/pendants/42-360010N/42-360010N-reference.png,g,15990,
lab-grown-diamond-pendant-42-360010n,,,,,,,Metal,18K Gold,Colour,Rose,,,42#360010N-18K-R,0.8,,,deny,manual,19932,,TRUE,TRUE,,,,,,,,https://raw.githubusercontent.com/reshabhdatta/Velonna/main/products/pendants/42-360010N/42-360010N-reference.png,g,19351,
lab-grown-diamond-pendant-42-360010n,,,,,,,Metal,18K Gold,Colour,White,,,42#360010N-18K-W,0.8,,,deny,manual,19932,,TRUE,TRUE,,,,,,,,https://raw.githubusercontent.com/reshabhdatta/Velonna/main/products/pendants/42-360010N/42-360010N-reference.png,g,19351,
lab-grown-diamond-pendant-42-360010n,,,,,,,Metal,18K Gold,Colour,Yellow,,,42#360010N-18K-Y,0.8,,,deny,manual,19932,,TRUE,TRUE,,,,,,,,https://raw.githubusercontent.com/reshabhdatta/Velonna/main/products/pendants/42-360010N/42-360010N-reference.png,g,19351,
lab-grown-diamond-pendant-42-360011n,Lab-Grown Diamond Pendant 42#360011N,"<p>A lab-grown diamond pendant by Velonna Jewels, reference 42#360011N. Total diamond weight is approximately 0.36 ct across 3 stones. Available in 925 silver, 9K, 14K, or 18K gold with rose, white, or yellow metal colour.</p><p>Made to order. Final specifications and lead time are confirmed by our team.</p>",Velonna Jewels,Lab Grown Diamond Pendant,"Lab Grown Diamonds, Unisex, Pendant",TRUE,Metal,925 Silver,Colour,Rose,,,42#360011N-925-R,0.986,,,deny,manual,17707,,TRUE,TRUE,,https://raw.githubusercontent.com/reshabhdatta/Velonna/main/products/pendants/42-360011N/42-360011N-reference.png,1,Lab-Grown Diamond Pendant 42#360011N in rose metal,FALSE,Lab-Grown Diamond Pendant 42#360011N,Lab-Grown Diamond Pendant 42#360011N with 0.36 ct lab-grown diamonds. Made to order by Velonna Jewels.,https://raw.githubusercontent.com/reshabhdatta/Velonna/main/products/pendants/42-360011N/42-360011N-reference.png,g,17191,active
lab-grown-diamond-pendant-42-360011n,,,,,,,Metal,925 Silver,Colour,White,,,42#360011N-925-W,0.986,,,deny,manual,17707,,TRUE,TRUE,,,,,,,,https://raw.githubusercontent.com/reshabhdatta/Velonna/main/products/pendants/42-360011N/42-360011N-reference.png,g,17191,
lab-grown-diamond-pendant-42-360011n,,,,,,,Metal,925 Silver,Colour,Yellow,,,42#360011N-925-Y,0.986,,,deny,manual,17707,,TRUE,TRUE,,,,,,,,https://raw.githubusercontent.com/reshabhdatta/Velonna/main/products/pendants/42-360011N/42-360011N-reference.png,g,17191,
lab-grown-diamond-pendant-42-360011n,,,,,,,Metal,9K Gold,Colour,Rose,,,42#360011N-9K-R,1.102,,,deny,manual,24246,,TRUE,TRUE,,,,,,,,https://raw.githubusercontent.com/reshabhdatta/Velonna/main/products/pendants/42-360011N/42-360011N-reference.png,g,23540,
lab-grown-diamond-pendant-42-360011n,,,,,,,Metal,9K Gold,Colour,White,,,42#360011N-9K-W,1.102,,,deny,manual,24246,,TRUE,TRUE,,,,,,,,https://raw.githubusercontent.com/reshabhdatta/Velonna/main/products/pendants/42-360011N/42-360011N-reference.png,g,23540,
lab-grown-diamond-pendant-42-360011n,,,,,,,Metal,9K Gold,Colour,Yellow,,,42#360011N-9K-Y,1.102,,,deny,manual,24246,,TRUE,TRUE,,,,,,,,https://raw.githubusercontent.com/reshabhdatta/Velonna/main/products/pendants/42-360011N/42-360011N-reference.png,g,23540,
lab-grown-diamond-pendant-42-360011n,,,,,,,Metal,14K Gold,Colour,Rose,,,42#360011N-14K-R,1.2325,,,deny,manual,29351,,TRUE,TRUE,,,,,,,,https://raw.githubusercontent.com/reshabhdatta/Velonna/main/products/pendants/42-360011N/42-360011N-reference.png,g,28496,
lab-grown-diamond-pendant-42-360011n,,,,,,,Metal,14K Gold,Colour,White,,,42#360011N-14K-W,1.2325,,,deny,manual,29351,,TRUE,TRUE,,,,,,,,https://raw.githubusercontent.com/reshabhdatta/Velonna/main/products/pendants/42-360011N/42-360011N-reference.png,g,28496,
lab-grown-diamond-pendant-42-360011n,,,,,,,Metal,14K Gold,Colour,Yellow,,,42#360011N-14K-Y,1.2325,,,deny,manual,29351,,TRUE,TRUE,,,,,,,,https://raw.githubusercontent.com/reshabhdatta/Velonna/main/products/pendants/42-360011N/42-360011N-reference.png,g,28496,
lab-grown-diamond-pendant-42-360011n,,,,,,,Metal,18K Gold,Colour,Rose,,,42#360011N-18K-R,1.45,,,deny,manual,35626,,TRUE,TRUE,,,,,,,,https://raw.githubusercontent.com/reshabhdatta/Velonna/main/products/pendants/42-360011N/42-360011N-reference.png,g,34588,
lab-grown-diamond-pendant-42-360011n,,,,,,,Metal,18K Gold,Colour,White,,,42#360011N-18K-W,1.45,,,deny,manual,35626,,TRUE,TRUE,,,,,,,,https://raw.githubusercontent.com/reshabhdatta/Velonna/main/products/pendants/42-360011N/42-360011N-reference.png,g,34588,
lab-grown-diamond-pendant-42-360011n,,,,,,,Metal,18K Gold,Colour,Yellow,,,42#360011N-18K-Y,1.45,,,deny,manual,35626,,TRUE,TRUE,,,,,,,,https://raw.githubusercontent.com/reshabhdatta/Velonna/main/products/pendants/42-360011N/42-360011N-reference.png,g,34588,
lab-grown-diamond-pendant-42-360012n,Lab-Grown Diamond Pendant 42#360012N,"<p>A lab-grown diamond pendant by Velonna Jewels, reference 42#360012N. Total diamond weight is approximately 0.172 ct across 20 stones. Available in 925 silver, 9K, 14K, or 18K gold with rose, white, or yellow metal colour.</p><p>Made to order. Final specifications and lead time are confirmed by our team.</p>",Velonna Jewels,Lab Grown Diamond Pendant,"Lab Grown Diamonds, Unisex, Pendant",TRUE,Metal,925 Silver,Colour,Rose,,,42#360012N-925-R,0.612,,,deny,manual,8764,,TRUE,TRUE,,https://raw.githubusercontent.com/reshabhdatta/Velonna/main/products/pendants/42-360012N/42-360012N-reference.png,1,Lab-Grown Diamond Pendant 42#360012N in rose metal,FALSE,Lab-Grown Diamond Pendant 42#360012N,Lab-Grown Diamond Pendant 42#360012N with 0.172 ct lab-grown diamonds. Made to order by Velonna Jewels.,https://raw.githubusercontent.com/reshabhdatta/Velonna/main/products/pendants/42-360012N/42-360012N-reference.png,g,8509,active
lab-grown-diamond-pendant-42-360012n,,,,,,,Metal,925 Silver,Colour,White,,,42#360012N-925-W,0.612,,,deny,manual,8764,,TRUE,TRUE,,,,,,,,https://raw.githubusercontent.com/reshabhdatta/Velonna/main/products/pendants/42-360012N/42-360012N-reference.png,g,8509,
lab-grown-diamond-pendant-42-360012n,,,,,,,Metal,925 Silver,Colour,Yellow,,,42#360012N-925-Y,0.612,,,deny,manual,8764,,TRUE,TRUE,,,,,,,,https://raw.githubusercontent.com/reshabhdatta/Velonna/main/products/pendants/42-360012N/42-360012N-reference.png,g,8509,
lab-grown-diamond-pendant-42-360012n,,,,,,,Metal,9K Gold,Colour,Rose,,,42#360012N-9K-R,0.684,,,deny,manual,12822,,TRUE,TRUE,,,,,,,,https://raw.githubusercontent.com/reshabhdatta/Velonna/main/products/pendants/42-360012N/42-360012N-reference.png,g,12449,
lab-grown-diamond-pendant-42-360012n,,,,,,,Metal,9K Gold,Colour,White,,,42#360012N-9K-W,0.684,,,deny,manual,12822,,TRUE,TRUE,,,,,,,,https://raw.githubusercontent.com/reshabhdatta/Velonna/main/products/pendants/42-360012N/42-360012N-reference.png,g,12449,
lab-grown-diamond-pendant-42-360012n,,,,,,,Metal,9K Gold,Colour,Yellow,,,42#360012N-9K-Y,0.684,,,deny,manual,12822,,TRUE,TRUE,,,,,,,,https://raw.githubusercontent.com/reshabhdatta/Velonna/main/products/pendants/42-360012N/42-360012N-reference.png,g,12449,
lab-grown-diamond-pendant-42-360012n,,,,,,,Metal,14K Gold,Colour,Rose,,,42#360012N-14K-R,0.765,,,deny,manual,15992,,TRUE,TRUE,,,,,,,,https://raw.githubusercontent.com/reshabhdatta/Velonna/main/products/pendants/42-360012N/42-360012N-reference.png,g,15526,
lab-grown-diamond-pendant-42-360012n,,,,,,,Metal,14K Gold,Colour,White,,,42#360012N-14K-W,0.765,,,deny,manual,15992,,TRUE,TRUE,,,,,,,,https://raw.githubusercontent.com/reshabhdatta/Velonna/main/products/pendants/42-360012N/42-360012N-reference.png,g,15526,
lab-grown-diamond-pendant-42-360012n,,,,,,,Metal,14K Gold,Colour,Yellow,,,42#360012N-14K-Y,0.765,,,deny,manual,15992,,TRUE,TRUE,,,,,,,,https://raw.githubusercontent.com/reshabhdatta/Velonna/main/products/pendants/42-360012N/42-360012N-reference.png,g,15526,
lab-grown-diamond-pendant-42-360012n,,,,,,,Metal,18K Gold,Colour,Rose,,,42#360012N-18K-R,0.9,,,deny,manual,19886,,TRUE,TRUE,,,,,,,,https://raw.githubusercontent.com/reshabhdatta/Velonna/main/products/pendants/42-360012N/42-360012N-reference.png,g,19307,
lab-grown-diamond-pendant-42-360012n,,,,,,,Metal,18K Gold,Colour,White,,,42#360012N-18K-W,0.9,,,deny,manual,19886,,TRUE,TRUE,,,,,,,,https://raw.githubusercontent.com/reshabhdatta/Velonna/main/products/pendants/42-360012N/42-360012N-reference.png,g,19307,
lab-grown-diamond-pendant-42-360012n,,,,,,,Metal,18K Gold,Colour,Yellow,,,42#360012N-18K-Y,0.9,,,deny,manual,19886,,TRUE,TRUE,,,,,,,,https://raw.githubusercontent.com/reshabhdatta/Velonna/main/products/pendants/42-360012N/42-360012N-reference.png,g,19307,
lab-grown-diamond-pendant-pnd-0001,Lab-Grown Diamond Pendant PND-0001,"<p>A lab-grown diamond pendant by Velonna Jewels, reference PND-0001. Total diamond weight is approximately 1 ct across 1 stone. Available in 925 silver, 9K, 14K, or 18K gold with rose, white, or yellow metal colour.</p><p>Made to order. Final specifications and lead time are confirmed by our team.</p>",Velonna Jewels,Lab Grown Diamond Pendant,"Lab Grown Diamonds, Unisex, Pendant",TRUE,Metal,925 Silver,Colour,Rose,,,PND-0001-925-R,0.748,,,deny,manual,44878,,TRUE,TRUE,,https://raw.githubusercontent.com/reshabhdatta/Velonna/main/products/pendants/PND-0001/PND-0001-reference.png,1,Lab-Grown Diamond Pendant PND-0001 in rose metal,FALSE,Lab-Grown Diamond Pendant PND-0001,Lab-Grown Diamond Pendant PND-0001 with 1 ct lab-grown diamonds. Made to order by Velonna Jewels.,https://raw.githubusercontent.com/reshabhdatta/Velonna/main/products/pendants/PND-0001/PND-0001-reference.png,g,43571,active
lab-grown-diamond-pendant-pnd-0001,,,,,,,Metal,925 Silver,Colour,White,,,PND-0001-925-W,0.748,,,deny,manual,44878,,TRUE,TRUE,,,,,,,,https://raw.githubusercontent.com/reshabhdatta/Velonna/main/products/pendants/PND-0001/PND-0001-reference.png,g,43571,
lab-grown-diamond-pendant-pnd-0001,,,,,,,Metal,925 Silver,Colour,Yellow,,,PND-0001-925-Y,0.748,,,deny,manual,44878,,TRUE,TRUE,,,,,,,,https://raw.githubusercontent.com/reshabhdatta/Velonna/main/products/pendants/PND-0001/PND-0001-reference.png,g,43571,
lab-grown-diamond-pendant-pnd-0001,,,,,,,Metal,9K Gold,Colour,Rose,,,PND-0001-9K-R,0.836,,,deny,manual,49839,,TRUE,TRUE,,,,,,,,https://raw.githubusercontent.com/reshabhdatta/Velonna/main/products/pendants/PND-0001/PND-0001-reference.png,g,48387,
lab-grown-diamond-pendant-pnd-0001,,,,,,,Metal,9K Gold,Colour,White,,,PND-0001-9K-W,0.836,,,deny,manual,49839,,TRUE,TRUE,,,,,,,,https://raw.githubusercontent.com/reshabhdatta/Velonna/main/products/pendants/PND-0001/PND-0001-reference.png,g,48387,
lab-grown-diamond-pendant-pnd-0001,,,,,,,Metal,9K Gold,Colour,Yellow,,,PND-0001-9K-Y,0.836,,,deny,manual,49839,,TRUE,TRUE,,,,,,,,https://raw.githubusercontent.com/reshabhdatta/Velonna/main/products/pendants/PND-0001/PND-0001-reference.png,g,48387,
lab-grown-diamond-pendant-pnd-0001,,,,,,,Metal,14K Gold,Colour,Rose,,,PND-0001-14K-R,0.935,,,deny,manual,53712,,TRUE,TRUE,,,,,,,,https://raw.githubusercontent.com/reshabhdatta/Velonna/main/products/pendants/PND-0001/PND-0001-reference.png,g,52148,
lab-grown-diamond-pendant-pnd-0001,,,,,,,Metal,14K Gold,Colour,White,,,PND-0001-14K-W,0.935,,,deny,manual,53712,,TRUE,TRUE,,,,,,,,https://raw.githubusercontent.com/reshabhdatta/Velonna/main/products/pendants/PND-0001/PND-0001-reference.png,g,52148,
lab-grown-diamond-pendant-pnd-0001,,,,,,,Metal,14K Gold,Colour,Yellow,,,PND-0001-14K-Y,0.935,,,deny,manual,53712,,TRUE,TRUE,,,,,,,,https://raw.githubusercontent.com/reshabhdatta/Velonna/main/products/pendants/PND-0001/PND-0001-reference.png,g,52148,
lab-grown-diamond-pendant-pnd-0001,,,,,,,Metal,18K Gold,Colour,Rose,,,PND-0001-18K-R,1.1,,,deny,manual,58472,,TRUE,TRUE,,,,,,,,https://raw.githubusercontent.com/reshabhdatta/Velonna/main/products/pendants/PND-0001/PND-0001-reference.png,g,56769,
lab-grown-diamond-pendant-pnd-0001,,,,,,,Metal,18K Gold,Colour,White,,,PND-0001-18K-W,1.1,,,deny,manual,58472,,TRUE,TRUE,,,,,,,,https://raw.githubusercontent.com/reshabhdatta/Velonna/main/products/pendants/PND-0001/PND-0001-reference.png,g,56769,
lab-grown-diamond-pendant-pnd-0001,,,,,,,Metal,18K Gold,Colour,Yellow,,,PND-0001-18K-Y,1.1,,,deny,manual,58472,,TRUE,TRUE,,,,,,,,https://raw.githubusercontent.com/reshabhdatta/Velonna/main/products/pendants/PND-0001/PND-0001-reference.png,g,56769,
lab-grown-diamond-pendant-pnd-0002,Lab-Grown Diamond Pendant PND-0002,"<p>A lab-grown diamond pendant by Velonna Jewels, reference PND-0002. Total diamond weight is approximately 1.2 ct across 21 stones. Available in 925 silver, 9K, 14K, or 18K gold with rose, white, or yellow metal colour.</p><p>Made to order. Final specifications and lead time are confirmed by our team.</p>",Velonna Jewels,Lab Grown Diamond Pendant,"Lab Grown Diamonds, Unisex, Pendant",TRUE,Metal,925 Silver,Colour,Rose,,,PND-0002-925-R,1.1968,,,deny,manual,54500,,TRUE,TRUE,,https://raw.githubusercontent.com/reshabhdatta/Velonna/main/products/pendants/PND-0002/PND-0002-reference.png,1,Lab-Grown Diamond Pendant PND-0002 in rose metal,FALSE,Lab-Grown Diamond Pendant PND-0002,Lab-Grown Diamond Pendant PND-0002 with 1.2 ct lab-grown diamonds. Made to order by Velonna Jewels.,https://raw.githubusercontent.com/reshabhdatta/Velonna/main/products/pendants/PND-0002/PND-0002-reference.png,g,52913,active
lab-grown-diamond-pendant-pnd-0002,,,,,,,Metal,925 Silver,Colour,White,,,PND-0002-925-W,1.1968,,,deny,manual,54500,,TRUE,TRUE,,,,,,,,https://raw.githubusercontent.com/reshabhdatta/Velonna/main/products/pendants/PND-0002/PND-0002-reference.png,g,52913,
lab-grown-diamond-pendant-pnd-0002,,,,,,,Metal,925 Silver,Colour,Yellow,,,PND-0002-925-Y,1.1968,,,deny,manual,54500,,TRUE,TRUE,,,,,,,,https://raw.githubusercontent.com/reshabhdatta/Velonna/main/products/pendants/PND-0002/PND-0002-reference.png,g,52913,
lab-grown-diamond-pendant-pnd-0002,,,,,,,Metal,9K Gold,Colour,Rose,,,PND-0002-9K-R,1.3376,,,deny,manual,62439,,TRUE,TRUE,,,,,,,,https://raw.githubusercontent.com/reshabhdatta/Velonna/main/products/pendants/PND-0002/PND-0002-reference.png,g,60620,
lab-grown-diamond-pendant-pnd-0002,,,,,,,Metal,9K Gold,Colour,White,,,PND-0002-9K-W,1.3376,,,deny,manual,62439,,TRUE,TRUE,,,,,,,,https://raw.githubusercontent.com/reshabhdatta/Velonna/main/products/pendants/PND-0002/PND-0002-reference.png,g,60620,
lab-grown-diamond-pendant-pnd-0002,,,,,,,Metal,9K Gold,Colour,Yellow,,,PND-0002-9K-Y,1.3376,,,deny,manual,62439,,TRUE,TRUE,,,,,,,,https://raw.githubusercontent.com/reshabhdatta/Velonna/main/products/pendants/PND-0002/PND-0002-reference.png,g,60620,
lab-grown-diamond-pendant-pnd-0002,,,,,,,Metal,14K Gold,Colour,Rose,,,PND-0002-14K-R,1.496,,,deny,manual,68635,,TRUE,TRUE,,,,,,,,https://raw.githubusercontent.com/reshabhdatta/Velonna/main/products/pendants/PND-0002/PND-0002-reference.png,g,66636,
lab-grown-diamond-pendant-pnd-0002,,,,,,,Metal,14K Gold,Colour,White,,,PND-0002-14K-W,1.496,,,deny,manual,68635,,TRUE,TRUE,,,,,,,,https://raw.githubusercontent.com/reshabhdatta/Velonna/main/products/pendants/PND-0002/PND-0002-reference.png,g,66636,
lab-grown-diamond-pendant-pnd-0002,,,,,,,Metal,14K Gold,Colour,Yellow,,,PND-0002-14K-Y,1.496,,,deny,manual,68635,,TRUE,TRUE,,,,,,,,https://raw.githubusercontent.com/reshabhdatta/Velonna/main/products/pendants/PND-0002/PND-0002-reference.png,g,66636,
lab-grown-diamond-pendant-pnd-0002,,,,,,,Metal,18K Gold,Colour,Rose,,,PND-0002-18K-R,1.76,,,deny,manual,76251,,TRUE,TRUE,,,,,,,,https://raw.githubusercontent.com/reshabhdatta/Velonna/main/products/pendants/PND-0002/PND-0002-reference.png,g,74030,
lab-grown-diamond-pendant-pnd-0002,,,,,,,Metal,18K Gold,Colour,White,,,PND-0002-18K-W,1.76,,,deny,manual,76251,,TRUE,TRUE,,,,,,,,https://raw.githubusercontent.com/reshabhdatta/Velonna/main/products/pendants/PND-0002/PND-0002-reference.png,g,74030,
lab-grown-diamond-pendant-pnd-0002,,,,,,,Metal,18K Gold,Colour,Yellow,,,PND-0002-18K-Y,1.76,,,deny,manual,76251,,TRUE,TRUE,,,,,,,,https://raw.githubusercontent.com/reshabhdatta/Velonna/main/products/pendants/PND-0002/PND-0002-reference.png,g,74030,
lab-grown-diamond-pendant-pnd-0003,Lab-Grown Diamond Pendant PND-0003,"<p>A lab-grown diamond pendant by Velonna Jewels, reference PND-0003. Total diamond weight is approximately 3.22 ct across 22 stones. Available in 925 silver, 9K, 14K, or 18K gold with rose, white, or yellow metal colour.</p><p>Made to order. Final specifications and lead time are confirmed by our team.</p>",Velonna Jewels,Lab Grown Diamond Pendant,"Lab Grown Diamonds, Unisex, Pendant",TRUE,Metal,925 Silver,Colour,Rose,,,PND-0003-925-R,2.4616,,,deny,manual,144621,,TRUE,TRUE,,https://raw.githubusercontent.com/reshabhdatta/Velonna/main/products/pendants/PND-0003/PND-0003-reference.png,1,Lab-Grown Diamond Pendant PND-0003 in rose metal,FALSE,Lab-Grown Diamond Pendant PND-0003,Lab-Grown Diamond Pendant PND-0003 with 3.22 ct lab-grown diamonds. Made to order by Velonna Jewels.,https://raw.githubusercontent.com/reshabhdatta/Velonna/main/products/pendants/PND-0003/PND-0003-reference.png,g,140409,active
lab-grown-diamond-pendant-pnd-0003,,,,,,,Metal,925 Silver,Colour,White,,,PND-0003-925-W,2.4616,,,deny,manual,144621,,TRUE,TRUE,,,,,,,,https://raw.githubusercontent.com/reshabhdatta/Velonna/main/products/pendants/PND-0003/PND-0003-reference.png,g,140409,
lab-grown-diamond-pendant-pnd-0003,,,,,,,Metal,925 Silver,Colour,Yellow,,,PND-0003-925-Y,2.4616,,,deny,manual,144621,,TRUE,TRUE,,,,,,,,https://raw.githubusercontent.com/reshabhdatta/Velonna/main/products/pendants/PND-0003/PND-0003-reference.png,g,140409,
lab-grown-diamond-pendant-pnd-0003,,,,,,,Metal,9K Gold,Colour,Rose,,,PND-0003-9K-R,2.7512,,,deny,manual,160947,,TRUE,TRUE,,,,,,,,https://raw.githubusercontent.com/reshabhdatta/Velonna/main/products/pendants/PND-0003/PND-0003-reference.png,g,156259,
lab-grown-diamond-pendant-pnd-0003,,,,,,,Metal,9K Gold,Colour,White,,,PND-0003-9K-W,2.7512,,,deny,manual,160947,,TRUE,TRUE,,,,,,,,https://raw.githubusercontent.com/reshabhdatta/Velonna/main/products/pendants/PND-0003/PND-0003-reference.png,g,156259,
lab-grown-diamond-pendant-pnd-0003,,,,,,,Metal,9K Gold,Colour,Yellow,,,PND-0003-9K-Y,2.7512,,,deny,manual,160947,,TRUE,TRUE,,,,,,,,https://raw.githubusercontent.com/reshabhdatta/Velonna/main/products/pendants/PND-0003/PND-0003-reference.png,g,156259,
lab-grown-diamond-pendant-pnd-0003,,,,,,,Metal,14K Gold,Colour,Rose,,,PND-0003-14K-R,3.077,,,deny,manual,173693,,TRUE,TRUE,,,,,,,,https://raw.githubusercontent.com/reshabhdatta/Velonna/main/products/pendants/PND-0003/PND-0003-reference.png,g,168634,
lab-grown-diamond-pendant-pnd-0003,,,,,,,Metal,14K Gold,Colour,White,,,PND-0003-14K-W,3.077,,,deny,manual,173693,,TRUE,TRUE,,,,,,,,https://raw.githubusercontent.com/reshabhdatta/Velonna/main/products/pendants/PND-0003/PND-0003-reference.png,g,168634,
lab-grown-diamond-pendant-pnd-0003,,,,,,,Metal,14K Gold,Colour,Yellow,,,PND-0003-14K-Y,3.077,,,deny,manual,173693,,TRUE,TRUE,,,,,,,,https://raw.githubusercontent.com/reshabhdatta/Velonna/main/products/pendants/PND-0003/PND-0003-reference.png,g,168634,
lab-grown-diamond-pendant-pnd-0003,,,,,,,Metal,18K Gold,Colour,Rose,,,PND-0003-18K-R,3.62,,,deny,manual,189357,,TRUE,TRUE,,,,,,,,https://raw.githubusercontent.com/reshabhdatta/Velonna/main/products/pendants/PND-0003/PND-0003-reference.png,g,183842,
lab-grown-diamond-pendant-pnd-0003,,,,,,,Metal,18K Gold,Colour,White,,,PND-0003-18K-W,3.62,,,deny,manual,189357,,TRUE,TRUE,,,,,,,,https://raw.githubusercontent.com/reshabhdatta/Velonna/main/products/pendants/PND-0003/PND-0003-reference.png,g,183842,
lab-grown-diamond-pendant-pnd-0003,,,,,,,Metal,18K Gold,Colour,Yellow,,,PND-0003-18K-Y,3.62,,,deny,manual,189357,,TRUE,TRUE,,,,,,,,https://raw.githubusercontent.com/reshabhdatta/Velonna/main/products/pendants/PND-0003/PND-0003-reference.png,g,183842,
lab-grown-diamond-pendant-pnd-0004,Lab-Grown Diamond Pendant PND-0004,"<p>A lab-grown diamond pendant by Velonna Jewels, reference PND-0004. Total diamond weight is approximately 0.043 ct across 4 stones. Available in 925 silver, 9K, 14K, or 18K gold with rose, white, or yellow metal colour.</p><p>Made to order. Final specifications and lead time are confirmed by our team.</p>",Velonna Jewels,Lab Grown Diamond Pendant,"Lab Grown Diamonds, Unisex, Pendant",TRUE,Metal,925 Silver,Colour,Rose,,,PND-0004-925-R,0.816,,,deny,manual,3626,,TRUE,TRUE,,https://raw.githubusercontent.com/reshabhdatta/Velonna/main/products/pendants/PND-0004/PND-0004-reference.png,1,Lab-Grown Diamond Pendant PND-0004 in rose metal,FALSE,Lab-Grown Diamond Pendant PND-0004,Lab-Grown Diamond Pendant PND-0004 with 0.043 ct lab-grown diamonds. Made to order by Velonna Jewels.,https://raw.githubusercontent.com/reshabhdatta/Velonna/main/products/pendants/PND-0004/PND-0004-reference.png,g,3520,active
lab-grown-diamond-pendant-pnd-0004,,,,,,,Metal,925 Silver,Colour,White,,,PND-0004-925-W,0.816,,,deny,manual,3626,,TRUE,TRUE,,,,,,,,https://raw.githubusercontent.com/reshabhdatta/Velonna/main/products/pendants/PND-0004/PND-0004-reference.png,g,3520,
lab-grown-diamond-pendant-pnd-0004,,,,,,,Metal,925 Silver,Colour,Yellow,,,PND-0004-925-Y,0.816,,,deny,manual,3626,,TRUE,TRUE,,,,,,,,https://raw.githubusercontent.com/reshabhdatta/Velonna/main/products/pendants/PND-0004/PND-0004-reference.png,g,3520,
lab-grown-diamond-pendant-pnd-0004,,,,,,,Metal,9K Gold,Colour,Rose,,,PND-0004-9K-R,0.912,,,deny,manual,9036,,TRUE,TRUE,,,,,,,,https://raw.githubusercontent.com/reshabhdatta/Velonna/main/products/pendants/PND-0004/PND-0004-reference.png,g,8773,
lab-grown-diamond-pendant-pnd-0004,,,,,,,Metal,9K Gold,Colour,White,,,PND-0004-9K-W,0.912,,,deny,manual,9036,,TRUE,TRUE,,,,,,,,https://raw.githubusercontent.com/reshabhdatta/Velonna/main/products/pendants/PND-0004/PND-0004-reference.png,g,8773,
lab-grown-diamond-pendant-pnd-0004,,,,,,,Metal,9K Gold,Colour,Yellow,,,PND-0004-9K-Y,0.912,,,deny,manual,9036,,TRUE,TRUE,,,,,,,,https://raw.githubusercontent.com/reshabhdatta/Velonna/main/products/pendants/PND-0004/PND-0004-reference.png,g,8773,
lab-grown-diamond-pendant-pnd-0004,,,,,,,Metal,14K Gold,Colour,Rose,,,PND-0004-14K-R,1.02,,,deny,manual,13262,,TRUE,TRUE,,,,,,,,https://raw.githubusercontent.com/reshabhdatta/Velonna/main/products/pendants/PND-0004/PND-0004-reference.png,g,12876,
lab-grown-diamond-pendant-pnd-0004,,,,,,,Metal,14K Gold,Colour,White,,,PND-0004-14K-W,1.02,,,deny,manual,13262,,TRUE,TRUE,,,,,,,,https://raw.githubusercontent.com/reshabhdatta/Velonna/main/products/pendants/PND-0004/PND-0004-reference.png,g,12876,
lab-grown-diamond-pendant-pnd-0004,,,,,,,Metal,14K Gold,Colour,Yellow,,,PND-0004-14K-Y,1.02,,,deny,manual,13262,,TRUE,TRUE,,,,,,,,https://raw.githubusercontent.com/reshabhdatta/Velonna/main/products/pendants/PND-0004/PND-0004-reference.png,g,12876,
lab-grown-diamond-pendant-pnd-0004,,,,,,,Metal,18K Gold,Colour,Rose,,,PND-0004-18K-R,1.2,,,deny,manual,18455,,TRUE,TRUE,,,,,,,,https://raw.githubusercontent.com/reshabhdatta/Velonna/main/products/pendants/PND-0004/PND-0004-reference.png,g,17917,
lab-grown-diamond-pendant-pnd-0004,,,,,,,Metal,18K Gold,Colour,White,,,PND-0004-18K-W,1.2,,,deny,manual,18455,,TRUE,TRUE,,,,,,,,https://raw.githubusercontent.com/reshabhdatta/Velonna/main/products/pendants/PND-0004/PND-0004-reference.png,g,17917,
lab-grown-diamond-pendant-pnd-0004,,,,,,,Metal,18K Gold,Colour,Yellow,,,PND-0004-18K-Y,1.2,,,deny,manual,18455,,TRUE,TRUE,,,,,,,,https://raw.githubusercontent.com/reshabhdatta/Velonna/main/products/pendants/PND-0004/PND-0004-reference.png,g,17917,
